user_id,username,password_hash,role,asha_id,anm_id,email,reset_otp,otp_expiry
3,asha0003,$2b$12$dummy_hash,ASHA,3,,asha0003@asha.gov.in,,
4,asha0004,$2b$12$dummy_hash,ASHA,4,,asha0004@asha.gov.in,,
5,asha0005,$2b$12$dummy_hash,ASHA,5,,asha0005@asha.gov.in,,
6,asha0006,$2b$12$dummy_hash,ASHA,6,,asha0006@asha.gov.in,,
7,asha0007,$2b$12$dummy_hash,ASHA,7,,asha0007@asha.gov.in,,
8,asha0008,$2b$12$dummy_hash,ASHA,8,,asha0008@asha.gov.in,,
9,asha0009,$2b$12$dummy_hash,ASHA,9,,asha0009@asha.gov.in,,
10,asha0010,$2b$12$dummy_hash,ASHA,10,,asha0010@asha.gov.in,,
11,asha0011,$2b$12$dummy_hash,ASHA,11,,asha0011@asha.gov.in,,
12,asha0012,$2b$12$dummy_hash,ASHA,12,,asha0012@asha.gov.in,,
13,asha0013,$2b$12$dummy_hash,ASHA,13,,asha0013@asha.gov.in,,
14,asha0014,$2b$12$dummy_hash,ASHA,14,,asha0014@asha.gov.in,,
15,asha0015,$2b$12$dummy_hash,ASHA,15,,asha0015@asha.gov.in,,
16,asha0016,$2b$12$dummy_hash,ASHA,16,,asha0016@asha.gov.in,,
17,asha0017,$2b$12$dummy_hash,ASHA,17,,asha0017@asha.gov.in,,
18,asha0018,$2b$12$dummy_hash,ASHA,18,,asha0018@asha.gov.in,,
19,asha0019,$2b$12$dummy_hash,ASHA,19,,asha0019@asha.gov.in,,
20,asha0020,$2b$12$dummy_hash,ASHA,20,,asha0020@asha.gov.in,,
21,asha0021,$2b$12$dummy_hash,ASHA,21,,asha0021@asha.gov.in,,
22,asha0022,$2b$12$dummy_hash,ASHA,22,,asha0022@asha.gov.in,,
23,asha0023,$2b$12$dummy_hash,ASHA,23,,asha0023@asha.gov.in,,
24,asha0024,$2b$12$dummy_hash,ASHA,24,,asha0024@asha.gov.in,,
25,asha0025,$2b$12$dummy_hash,ASHA,25,,asha0025@asha.gov.in,,
26,asha0026,$2b$12$dummy_hash,ASHA,26,,asha0026@asha.gov.in,,
27,asha0027,$2b$12$dummy_hash,ASHA,27,,asha0027@asha.gov.in,,
28,asha0028,$2b$12$dummy_hash,ASHA,28,,asha0028@asha.gov.in,,
29,asha0029,$2b$12$dummy_hash,ASHA,29,,asha0029@asha.gov.in,,
30,asha0030,$2b$12$dummy_hash,ASHA,30,,asha0030@asha.gov.in,,
31,asha0031,$2b$12$dummy_hash,ASHA,31,,asha0031@asha.gov.in,,
32,asha0032,$2b$12$dummy_hash,ASHA,32,,asha0032@asha.gov.in,,
33,asha0033,$2b$12$dummy_hash,ASHA,33,,asha0033@asha.gov.in,,
34,asha0034,$2b$12$dummy_hash,ASHA,34,,asha0034@asha.gov.in,,
35,asha0035,$2b$12$dummy_hash,ASHA,35,,asha0035@asha.gov.in,,
36,asha0036,$2b$12$dummy_hash,ASHA,36,,asha0036@asha.gov.in,,
37,asha0037,$2b$12$dummy_hash,ASHA,37,,asha0037@asha.gov.in,,
38,asha0038,$2b$12$dummy_hash,ASHA,38,,asha0038@asha.gov.in,,
39,asha0039,$2b$12$dummy_hash,ASHA,39,,asha0039@asha.gov.in,,
40,asha0040,$2b$12$dummy_hash,ASHA,40,,asha0040@asha.gov.in,,
41,asha0041,$2b$12$dummy_hash,ASHA,41,,asha0041@asha.gov.in,,
42,asha0042,$2b$12$dummy_hash,ASHA,42,,asha0042@asha.gov.in,,
43,asha0043,$2b$12$dummy_hash,ASHA,43,,asha0043@asha.gov.in,,
44,asha0044,$2b$12$dummy_hash,ASHA,44,,asha0044@asha.gov.in,,
45,asha0045,$2b$12$dummy_hash,ASHA,45,,asha0045@asha.gov.in,,
46,asha0046,$2b$12$dummy_hash,ASHA,46,,asha0046@asha.gov.in,,
47,asha0047,$2b$12$dummy_hash,ASHA,47,,asha0047@asha.gov.in,,
48,asha0048,$2b$12$dummy_hash,ASHA,48,,asha0048@asha.gov.in,,
49,asha0049,$2b$12$dummy_hash,ASHA,49,,asha0049@asha.gov.in,,
50,asha0050,$2b$12$dummy_hash,ASHA,50,,asha0050@asha.gov.in,,
51,asha0051,$2b$12$dummy_hash,ASHA,51,,asha0051@asha.gov.in,,
52,asha0052,$2b$12$dummy_hash,ASHA,52,,asha0052@asha.gov.in,,
53,asha0053,$2b$12$dummy_hash,ASHA,53,,asha0053@asha.gov.in,,
54,asha0054,$2b$12$dummy_hash,ASHA,54,,asha0054@asha.gov.in,,
55,asha0055,$2b$12$dummy_hash,ASHA,55,,asha0055@asha.gov.in,,
56,asha0056,$2b$12$dummy_hash,ASHA,56,,asha0056@asha.gov.in,,
57,asha0057,$2b$12$dummy_hash,ASHA,57,,asha0057@asha.gov.in,,
58,asha0058,$2b$12$dummy_hash,ASHA,58,,asha0058@asha.gov.in,,
59,asha0059,$2b$12$dummy_hash,ASHA,59,,asha0059@asha.gov.in,,
60,asha0060,$2b$12$dummy_hash,ASHA,60,,asha0060@asha.gov.in,,
61,asha0061,$2b$12$dummy_hash,ASHA,61,,asha0061@asha.gov.in,,
62,asha0062,$2b$12$dummy_hash,ASHA,62,,asha0062@asha.gov.in,,
63,asha0063,$2b$12$dummy_hash,ASHA,63,,asha0063@asha.gov.in,,
64,asha0064,$2b$12$dummy_hash,ASHA,64,,asha0064@asha.gov.in,,
65,asha0065,$2b$12$dummy_hash,ASHA,65,,asha0065@asha.gov.in,,
66,asha0066,$2b$12$dummy_hash,ASHA,66,,asha0066@asha.gov.in,,
67,asha0067,$2b$12$dummy_hash,ASHA,67,,asha0067@asha.gov.in,,
68,asha0068,$2b$12$dummy_hash,ASHA,68,,asha0068@asha.gov.in,,
69,asha0069,$2b$12$dummy_hash,ASHA,69,,asha0069@asha.gov.in,,
70,asha0070,$2b$12$dummy_hash,ASHA,70,,asha0070@asha.gov.in,,
71,asha0071,$2b$12$dummy_hash,ASHA,71,,asha0071@asha.gov.in,,
72,asha0072,$2b$12$dummy_hash,ASHA,72,,asha0072@asha.gov.in,,
73,asha0073,$2b$12$dummy_hash,ASHA,73,,asha0073@asha.gov.in,,
74,asha0074,$2b$12$dummy_hash,ASHA,74,,asha0074@asha.gov.in,,
75,asha0075,$2b$12$dummy_hash,ASHA,75,,asha0075@asha.gov.in,,
76,asha0076,$2b$12$dummy_hash,ASHA,76,,asha0076@asha.gov.in,,
77,asha0077,$2b$12$dummy_hash,ASHA,77,,asha0077@asha.gov.in,,
78,asha0078,$2b$12$dummy_hash,ASHA,78,,asha0078@asha.gov.in,,
79,asha0079,$2b$12$dummy_hash,ASHA,79,,asha0079@asha.gov.in,,
80,asha0080,$2b$12$dummy_hash,ASHA,80,,asha0080@asha.gov.in,,
81,asha0081,$2b$12$dummy_hash,ASHA,81,,asha0081@asha.gov.in,,
82,asha0082,$2b$12$dummy_hash,ASHA,82,,asha0082@asha.gov.in,,
83,asha0083,$2b$12$dummy_hash,ASHA,83,,asha0083@asha.gov.in,,
84,asha0084,$2b$12$dummy_hash,ASHA,84,,asha0084@asha.gov.in,,
85,asha0085,$2b$12$dummy_hash,ASHA,85,,asha0085@asha.gov.in,,
86,asha0086,$2b$12$dummy_hash,ASHA,86,,asha0086@asha.gov.in,,
87,asha0087,$2b$12$dummy_hash,ASHA,87,,asha0087@asha.gov.in,,
88,asha0088,$2b$12$dummy_hash,ASHA,88,,asha0088@asha.gov.in,,
89,asha0089,$2b$12$dummy_hash,ASHA,89,,asha0089@asha.gov.in,,
90,asha0090,$2b$12$dummy_hash,ASHA,90,,asha0090@asha.gov.in,,
91,asha0091,$2b$12$dummy_hash,ASHA,91,,asha0091@asha.gov.in,,
92,asha0092,$2b$12$dummy_hash,ASHA,92,,asha0092@asha.gov.in,,
93,asha0093,$2b$12$dummy_hash,ASHA,93,,asha0093@asha.gov.in,,
94,asha0094,$2b$12$dummy_hash,ASHA,94,,asha0094@asha.gov.in,,
95,asha0095,$2b$12$dummy_hash,ASHA,95,,asha0095@asha.gov.in,,
96,asha0096,$2b$12$dummy_hash,ASHA,96,,asha0096@asha.gov.in,,
97,asha0097,$2b$12$dummy_hash,ASHA,97,,asha0097@asha.gov.in,,
98,asha0098,$2b$12$dummy_hash,ASHA,98,,asha0098@asha.gov.in,,
99,asha0099,$2b$12$dummy_hash,ASHA,99,,asha0099@asha.gov.in,,
100,asha0100,$2b$12$dummy_hash,ASHA,100,,asha0100@asha.gov.in,,
101,asha0101,$2b$12$dummy_hash,ASHA,101,,asha0101@asha.gov.in,,
102,asha0102,$2b$12$dummy_hash,ASHA,102,,asha0102@asha.gov.in,,
103,asha0103,$2b$12$dummy_hash,ASHA,103,,asha0103@asha.gov.in,,
104,asha0104,$2b$12$dummy_hash,ASHA,104,,asha0104@asha.gov.in,,
105,asha0105,$2b$12$dummy_hash,ASHA,105,,asha0105@asha.gov.in,,
106,asha0106,$2b$12$dummy_hash,ASHA,106,,asha0106@asha.gov.in,,
107,asha0107,$2b$12$dummy_hash,ASHA,107,,asha0107@asha.gov.in,,
108,asha0108,$2b$12$dummy_hash,ASHA,108,,asha0108@asha.gov.in,,
109,asha0109,$2b$12$dummy_hash,ASHA,109,,asha0109@asha.gov.in,,
110,asha0110,$2b$12$dummy_hash,ASHA,110,,asha0110@asha.gov.in,,
111,asha0111,$2b$12$dummy_hash,ASHA,111,,asha0111@asha.gov.in,,
112,asha0112,$2b$12$dummy_hash,ASHA,112,,asha0112@asha.gov.in,,
113,asha0113,$2b$12$dummy_hash,ASHA,113,,asha0113@asha.gov.in,,
114,asha0114,$2b$12$dummy_hash,ASHA,114,,asha0114@asha.gov.in,,
115,asha0115,$2b$12$dummy_hash,ASHA,115,,asha0115@asha.gov.in,,
116,asha0116,$2b$12$dummy_hash,ASHA,116,,asha0116@asha.gov.in,,
117,asha0117,$2b$12$dummy_hash,ASHA,117,,asha0117@asha.gov.in,,
118,asha0118,$2b$12$dummy_hash,ASHA,118,,asha0118@asha.gov.in,,
119,asha0119,$2b$12$dummy_hash,ASHA,119,,asha0119@asha.gov.in,,
120,asha0120,$2b$12$dummy_hash,ASHA,120,,asha0120@asha.gov.in,,
121,asha0121,$2b$12$dummy_hash,ASHA,121,,asha0121@asha.gov.in,,
122,asha0122,$2b$12$dummy_hash,ASHA,122,,asha0122@asha.gov.in,,
123,asha0123,$2b$12$dummy_hash,ASHA,123,,asha0123@asha.gov.in,,
124,asha0124,$2b$12$dummy_hash,ASHA,124,,asha0124@asha.gov.in,,
125,asha0125,$2b$12$dummy_hash,ASHA,125,,asha0125@asha.gov.in,,
126,asha0126,$2b$12$dummy_hash,ASHA,126,,asha0126@asha.gov.in,,
127,asha0127,$2b$12$dummy_hash,ASHA,127,,asha0127@asha.gov.in,,
128,asha0128,$2b$12$dummy_hash,ASHA,128,,asha0128@asha.gov.in,,
129,asha0129,$2b$12$dummy_hash,ASHA,129,,asha0129@asha.gov.in,,
130,asha0130,$2b$12$dummy_hash,ASHA,130,,asha0130@asha.gov.in,,
131,asha0131,$2b$12$dummy_hash,ASHA,131,,asha0131@asha.gov.in,,
132,asha0132,$2b$12$dummy_hash,ASHA,132,,asha0132@asha.gov.in,,
133,asha0133,$2b$12$dummy_hash,ASHA,133,,asha0133@asha.gov.in,,
134,asha0134,$2b$12$dummy_hash,ASHA,134,,asha0134@asha.gov.in,,
135,asha0135,$2b$12$dummy_hash,ASHA,135,,asha0135@asha.gov.in,,
136,asha0136,$2b$12$dummy_hash,ASHA,136,,asha0136@asha.gov.in,,
137,asha0137,$2b$12$dummy_hash,ASHA,137,,asha0137@asha.gov.in,,
138,asha0138,$2b$12$dummy_hash,ASHA,138,,asha0138@asha.gov.in,,
139,asha0139,$2b$12$dummy_hash,ASHA,139,,asha0139@asha.gov.in,,
140,asha0140,$2b$12$dummy_hash,ASHA,140,,asha0140@asha.gov.in,,
141,asha0141,$2b$12$dummy_hash,ASHA,141,,asha0141@asha.gov.in,,
142,asha0142,$2b$12$dummy_hash,ASHA,142,,asha0142@asha.gov.in,,
143,asha0143,$2b$12$dummy_hash,ASHA,143,,asha0143@asha.gov.in,,
144,asha0144,$2b$12$dummy_hash,ASHA,144,,asha0144@asha.gov.in,,
145,asha0145,$2b$12$dummy_hash,ASHA,145,,asha0145@asha.gov.in,,
146,asha0146,$2b$12$dummy_hash,ASHA,146,,asha0146@asha.gov.in,,
147,asha0147,$2b$12$dummy_hash,ASHA,147,,asha0147@asha.gov.in,,
148,asha0148,$2b$12$dummy_hash,ASHA,148,,asha0148@asha.gov.in,,
149,asha0149,$2b$12$dummy_hash,ASHA,149,,asha0149@asha.gov.in,,
150,asha0150,$2b$12$dummy_hash,ASHA,150,,asha0150@asha.gov.in,,
151,asha0151,$2b$12$dummy_hash,ASHA,151,,asha0151@asha.gov.in,,
152,asha0152,$2b$12$dummy_hash,ASHA,152,,asha0152@asha.gov.in,,
153,asha0153,$2b$12$dummy_hash,ASHA,153,,asha0153@asha.gov.in,,
154,asha0154,$2b$12$dummy_hash,ASHA,154,,asha0154@asha.gov.in,,
155,asha0155,$2b$12$dummy_hash,ASHA,155,,asha0155@asha.gov.in,,
156,asha0156,$2b$12$dummy_hash,ASHA,156,,asha0156@asha.gov.in,,
157,asha0157,$2b$12$dummy_hash,ASHA,157,,asha0157@asha.gov.in,,
158,asha0158,$2b$12$dummy_hash,ASHA,158,,asha0158@asha.gov.in,,
159,asha0159,$2b$12$dummy_hash,ASHA,159,,asha0159@asha.gov.in,,
160,asha0160,$2b$12$dummy_hash,ASHA,160,,asha0160@asha.gov.in,,
161,asha0161,$2b$12$dummy_hash,ASHA,161,,asha0161@asha.gov.in,,
162,asha0162,$2b$12$dummy_hash,ASHA,162,,asha0162@asha.gov.in,,
163,asha0163,$2b$12$dummy_hash,ASHA,163,,asha0163@asha.gov.in,,
164,asha0164,$2b$12$dummy_hash,ASHA,164,,asha0164@asha.gov.in,,
165,asha0165,$2b$12$dummy_hash,ASHA,165,,asha0165@asha.gov.in,,
166,asha0166,$2b$12$dummy_hash,ASHA,166,,asha0166@asha.gov.in,,
167,asha0167,$2b$12$dummy_hash,ASHA,167,,asha0167@asha.gov.in,,
168,asha0168,$2b$12$dummy_hash,ASHA,168,,asha0168@asha.gov.in,,
169,asha0169,$2b$12$dummy_hash,ASHA,169,,asha0169@asha.gov.in,,
170,asha0170,$2b$12$dummy_hash,ASHA,170,,asha0170@asha.gov.in,,
171,asha0171,$2b$12$dummy_hash,ASHA,171,,asha0171@asha.gov.in,,
172,asha0172,$2b$12$dummy_hash,ASHA,172,,asha0172@asha.gov.in,,
173,asha0173,$2b$12$dummy_hash,ASHA,173,,asha0173@asha.gov.in,,
174,asha0174,$2b$12$dummy_hash,ASHA,174,,asha0174@asha.gov.in,,
175,asha0175,$2b$12$dummy_hash,ASHA,175,,asha0175@asha.gov.in,,
176,asha0176,$2b$12$dummy_hash,ASHA,176,,asha0176@asha.gov.in,,
177,asha0177,$2b$12$dummy_hash,ASHA,177,,asha0177@asha.gov.in,,
178,asha0178,$2b$12$dummy_hash,ASHA,178,,asha0178@asha.gov.in,,
179,asha0179,$2b$12$dummy_hash,ASHA,179,,asha0179@asha.gov.in,,
180,asha0180,$2b$12$dummy_hash,ASHA,180,,asha0180@asha.gov.in,,
181,asha0181,$2b$12$dummy_hash,ASHA,181,,asha0181@asha.gov.in,,
182,asha0182,$2b$12$dummy_hash,ASHA,182,,asha0182@asha.gov.in,,
183,asha0183,$2b$12$dummy_hash,ASHA,183,,asha0183@asha.gov.in,,
184,asha0184,$2b$12$dummy_hash,ASHA,184,,asha0184@asha.gov.in,,
185,asha0185,$2b$12$dummy_hash,ASHA,185,,asha0185@asha.gov.in,,
186,asha0186,$2b$12$dummy_hash,ASHA,186,,asha0186@asha.gov.in,,
187,asha0187,$2b$12$dummy_hash,ASHA,187,,asha0187@asha.gov.in,,
188,asha0188,$2b$12$dummy_hash,ASHA,188,,asha0188@asha.gov.in,,
189,asha0189,$2b$12$dummy_hash,ASHA,189,,asha0189@asha.gov.in,,
190,asha0190,$2b$12$dummy_hash,ASHA,190,,asha0190@asha.gov.in,,
191,asha0191,$2b$12$dummy_hash,ASHA,191,,asha0191@asha.gov.in,,
192,asha0192,$2b$12$dummy_hash,ASHA,192,,asha0192@asha.gov.in,,
193,asha0193,$2b$12$dummy_hash,ASHA,193,,asha0193@asha.gov.in,,
194,asha0194,$2b$12$dummy_hash,ASHA,194,,asha0194@asha.gov.in,,
195,asha0195,$2b$12$dummy_hash,ASHA,195,,asha0195@asha.gov.in,,
196,asha0196,$2b$12$dummy_hash,ASHA,196,,asha0196@asha.gov.in,,
197,asha0197,$2b$12$dummy_hash,ASHA,197,,asha0197@asha.gov.in,,
198,asha0198,$2b$12$dummy_hash,ASHA,198,,asha0198@asha.gov.in,,
199,asha0199,$2b$12$dummy_hash,ASHA,199,,asha0199@asha.gov.in,,
200,asha0200,$2b$12$dummy_hash,ASHA,200,,asha0200@asha.gov.in,,
201,asha0201,$2b$12$dummy_hash,ASHA,201,,asha0201@asha.gov.in,,
202,asha0202,$2b$12$dummy_hash,ASHA,202,,asha0202@asha.gov.in,,
203,asha0203,$2b$12$dummy_hash,ASHA,203,,asha0203@asha.gov.in,,
204,asha0204,$2b$12$dummy_hash,ASHA,204,,asha0204@asha.gov.in,,
205,asha0205,$2b$12$dummy_hash,ASHA,205,,asha0205@asha.gov.in,,
206,asha0206,$2b$12$dummy_hash,ASHA,206,,asha0206@asha.gov.in,,
207,asha0207,$2b$12$dummy_hash,ASHA,207,,asha0207@asha.gov.in,,
208,asha0208,$2b$12$dummy_hash,ASHA,208,,asha0208@asha.gov.in,,
209,asha0209,$2b$12$dummy_hash,ASHA,209,,asha0209@asha.gov.in,,
210,asha0210,$2b$12$dummy_hash,ASHA,210,,asha0210@asha.gov.in,,
211,asha0211,$2b$12$dummy_hash,ASHA,211,,asha0211@asha.gov.in,,
212,asha0212,$2b$12$dummy_hash,ASHA,212,,asha0212@asha.gov.in,,
213,asha0213,$2b$12$dummy_hash,ASHA,213,,asha0213@asha.gov.in,,
214,asha0214,$2b$12$dummy_hash,ASHA,214,,asha0214@asha.gov.in,,
215,asha0215,$2b$12$dummy_hash,ASHA,215,,asha0215@asha.gov.in,,
216,asha0216,$2b$12$dummy_hash,ASHA,216,,asha0216@asha.gov.in,,
217,asha0217,$2b$12$dummy_hash,ASHA,217,,asha0217@asha.gov.in,,
218,asha0218,$2b$12$dummy_hash,ASHA,218,,asha0218@asha.gov.in,,
219,asha0219,$2b$12$dummy_hash,ASHA,219,,asha0219@asha.gov.in,,
220,asha0220,$2b$12$dummy_hash,ASHA,220,,asha0220@asha.gov.in,,
221,asha0221,$2b$12$dummy_hash,ASHA,221,,asha0221@asha.gov.in,,
222,asha0222,$2b$12$dummy_hash,ASHA,222,,asha0222@asha.gov.in,,
223,asha0223,$2b$12$dummy_hash,ASHA,223,,asha0223@asha.gov.in,,
224,asha0224,$2b$12$dummy_hash,ASHA,224,,asha0224@asha.gov.in,,
225,asha0225,$2b$12$dummy_hash,ASHA,225,,asha0225@asha.gov.in,,
226,asha0226,$2b$12$dummy_hash,ASHA,226,,asha0226@asha.gov.in,,
227,asha0227,$2b$12$dummy_hash,ASHA,227,,asha0227@asha.gov.in,,
228,asha0228,$2b$12$dummy_hash,ASHA,228,,asha0228@asha.gov.in,,
229,asha0229,$2b$12$dummy_hash,ASHA,229,,asha0229@asha.gov.in,,
230,asha0230,$2b$12$dummy_hash,ASHA,230,,asha0230@asha.gov.in,,
231,asha0231,$2b$12$dummy_hash,ASHA,231,,asha0231@asha.gov.in,,
232,asha0232,$2b$12$dummy_hash,ASHA,232,,asha0232@asha.gov.in,,
233,asha0233,$2b$12$dummy_hash,ASHA,233,,asha0233@asha.gov.in,,
234,asha0234,$2b$12$dummy_hash,ASHA,234,,asha0234@asha.gov.in,,
235,asha0235,$2b$12$dummy_hash,ASHA,235,,asha0235@asha.gov.in,,
236,asha0236,$2b$12$dummy_hash,ASHA,236,,asha0236@asha.gov.in,,
237,asha0237,$2b$12$dummy_hash,ASHA,237,,asha0237@asha.gov.in,,
238,asha0238,$2b$12$dummy_hash,ASHA,238,,asha0238@asha.gov.in,,
239,asha0239,$2b$12$dummy_hash,ASHA,239,,asha0239@asha.gov.in,,
240,asha0240,$2b$12$dummy_hash,ASHA,240,,asha0240@asha.gov.in,,
241,asha0241,$2b$12$dummy_hash,ASHA,241,,asha0241@asha.gov.in,,
242,asha0242,$2b$12$dummy_hash,ASHA,242,,asha0242@asha.gov.in,,
243,asha0243,$2b$12$dummy_hash,ASHA,243,,asha0243@asha.gov.in,,
244,asha0244,$2b$12$dummy_hash,ASHA,244,,asha0244@asha.gov.in,,
245,asha0245,$2b$12$dummy_hash,ASHA,245,,asha0245@asha.gov.in,,
246,asha0246,$2b$12$dummy_hash,ASHA,246,,asha0246@asha.gov.in,,
247,asha0247,$2b$12$dummy_hash,ASHA,247,,asha0247@asha.gov.in,,
248,asha0248,$2b$12$dummy_hash,ASHA,248,,asha0248@asha.gov.in,,
249,asha0249,$2b$12$dummy_hash,ASHA,249,,asha0249@asha.gov.in,,
250,asha0250,$2b$12$dummy_hash,ASHA,250,,asha0250@asha.gov.in,,
251,asha0251,$2b$12$dummy_hash,ASHA,251,,asha0251@asha.gov.in,,
252,asha0252,$2b$12$dummy_hash,ASHA,252,,asha0252@asha.gov.in,,
253,asha0253,$2b$12$dummy_hash,ASHA,253,,asha0253@asha.gov.in,,
254,asha0254,$2b$12$dummy_hash,ASHA,254,,asha0254@asha.gov.in,,
255,asha0255,$2b$12$dummy_hash,ASHA,255,,asha0255@asha.gov.in,,
256,asha0256,$2b$12$dummy_hash,ASHA,256,,asha0256@asha.gov.in,,
257,asha0257,$2b$12$dummy_hash,ASHA,257,,asha0257@asha.gov.in,,
258,asha0258,$2b$12$dummy_hash,ASHA,258,,asha0258@asha.gov.in,,
259,asha0259,$2b$12$dummy_hash,ASHA,259,,asha0259@asha.gov.in,,
260,asha0260,$2b$12$dummy_hash,ASHA,260,,asha0260@asha.gov.in,,
261,asha0261,$2b$12$dummy_hash,ASHA,261,,asha0261@asha.gov.in,,
262,asha0262,$2b$12$dummy_hash,ASHA,262,,asha0262@asha.gov.in,,
263,asha0263,$2b$12$dummy_hash,ASHA,263,,asha0263@asha.gov.in,,
264,asha0264,$2b$12$dummy_hash,ASHA,264,,asha0264@asha.gov.in,,
265,asha0265,$2b$12$dummy_hash,ASHA,265,,asha0265@asha.gov.in,,
266,asha0266,$2b$12$dummy_hash,ASHA,266,,asha0266@asha.gov.in,,
267,asha0267,$2b$12$dummy_hash,ASHA,267,,asha0267@asha.gov.in,,
268,asha0268,$2b$12$dummy_hash,ASHA,268,,asha0268@asha.gov.in,,
269,asha0269,$2b$12$dummy_hash,ASHA,269,,asha0269@asha.gov.in,,
270,asha0270,$2b$12$dummy_hash,ASHA,270,,asha0270@asha.gov.in,,
271,asha0271,$2b$12$dummy_hash,ASHA,271,,asha0271@asha.gov.in,,
272,asha0272,$2b$12$dummy_hash,ASHA,272,,asha0272@asha.gov.in,,
273,asha0273,$2b$12$dummy_hash,ASHA,273,,asha0273@asha.gov.in,,
274,asha0274,$2b$12$dummy_hash,ASHA,274,,asha0274@asha.gov.in,,
275,asha0275,$2b$12$dummy_hash,ASHA,275,,asha0275@asha.gov.in,,
276,asha0276,$2b$12$dummy_hash,ASHA,276,,asha0276@asha.gov.in,,
277,asha0277,$2b$12$dummy_hash,ASHA,277,,asha0277@asha.gov.in,,
278,asha0278,$2b$12$dummy_hash,ASHA,278,,asha0278@asha.gov.in,,
279,asha0279,$2b$12$dummy_hash,ASHA,279,,asha0279@asha.gov.in,,
280,asha0280,$2b$12$dummy_hash,ASHA,280,,asha0280@asha.gov.in,,
281,asha0281,$2b$12$dummy_hash,ASHA,281,,asha0281@asha.gov.in,,
282,asha0282,$2b$12$dummy_hash,ASHA,282,,asha0282@asha.gov.in,,
283,asha0283,$2b$12$dummy_hash,ASHA,283,,asha0283@asha.gov.in,,
284,asha0284,$2b$12$dummy_hash,ASHA,284,,asha0284@asha.gov.in,,
285,asha0285,$2b$12$dummy_hash,ASHA,285,,asha0285@asha.gov.in,,
286,asha0286,$2b$12$dummy_hash,ASHA,286,,asha0286@asha.gov.in,,
287,asha0287,$2b$12$dummy_hash,ASHA,287,,asha0287@asha.gov.in,,
288,asha0288,$2b$12$dummy_hash,ASHA,288,,asha0288@asha.gov.in,,
289,asha0289,$2b$12$dummy_hash,ASHA,289,,asha0289@asha.gov.in,,
290,asha0290,$2b$12$dummy_hash,ASHA,290,,asha0290@asha.gov.in,,
291,asha0291,$2b$12$dummy_hash,ASHA,291,,asha0291@asha.gov.in,,
292,asha0292,$2b$12$dummy_hash,ASHA,292,,asha0292@asha.gov.in,,
293,asha0293,$2b$12$dummy_hash,ASHA,293,,asha0293@asha.gov.in,,
294,asha0294,$2b$12$dummy_hash,ASHA,294,,asha0294@asha.gov.in,,
295,asha0295,$2b$12$dummy_hash,ASHA,295,,asha0295@asha.gov.in,,
296,asha0296,$2b$12$dummy_hash,ASHA,296,,asha0296@asha.gov.in,,
297,asha0297,$2b$12$dummy_hash,ASHA,297,,asha0297@asha.gov.in,,
298,asha0298,$2b$12$dummy_hash,ASHA,298,,asha0298@asha.gov.in,,
299,asha0299,$2b$12$dummy_hash,ASHA,299,,asha0299@asha.gov.in,,
300,asha0300,$2b$12$dummy_hash,ASHA,300,,asha0300@asha.gov.in,,
301,asha0301,$2b$12$dummy_hash,ASHA,301,,asha0301@asha.gov.in,,
302,asha0302,$2b$12$dummy_hash,ASHA,302,,asha0302@asha.gov.in,,
303,asha0303,$2b$12$dummy_hash,ASHA,303,,asha0303@asha.gov.in,,
304,asha0304,$2b$12$dummy_hash,ASHA,304,,asha0304@asha.gov.in,,
305,asha0305,$2b$12$dummy_hash,ASHA,305,,asha0305@asha.gov.in,,
306,asha0306,$2b$12$dummy_hash,ASHA,306,,asha0306@asha.gov.in,,
307,asha0307,$2b$12$dummy_hash,ASHA,307,,asha0307@asha.gov.in,,
308,asha0308,$2b$12$dummy_hash,ASHA,308,,asha0308@asha.gov.in,,
309,asha0309,$2b$12$dummy_hash,ASHA,309,,asha0309@asha.gov.in,,
310,asha0310,$2b$12$dummy_hash,ASHA,310,,asha0310@asha.gov.in,,
311,asha0311,$2b$12$dummy_hash,ASHA,311,,asha0311@asha.gov.in,,
312,asha0312,$2b$12$dummy_hash,ASHA,312,,asha0312@asha.gov.in,,
313,asha0313,$2b$12$dummy_hash,ASHA,313,,asha0313@asha.gov.in,,
314,asha0314,$2b$12$dummy_hash,ASHA,314,,asha0314@asha.gov.in,,
315,asha0315,$2b$12$dummy_hash,ASHA,315,,asha0315@asha.gov.in,,
316,asha0316,$2b$12$dummy_hash,ASHA,316,,asha0316@asha.gov.in,,
317,asha0317,$2b$12$dummy_hash,ASHA,317,,asha0317@asha.gov.in,,
318,asha0318,$2b$12$dummy_hash,ASHA,318,,asha0318@asha.gov.in,,
319,asha0319,$2b$12$dummy_hash,ASHA,319,,asha0319@asha.gov.in,,
320,asha0320,$2b$12$dummy_hash,ASHA,320,,asha0320@asha.gov.in,,
321,asha0321,$2b$12$dummy_hash,ASHA,321,,asha0321@asha.gov.in,,
322,asha0322,$2b$12$dummy_hash,ASHA,322,,asha0322@asha.gov.in,,
323,asha0323,$2b$12$dummy_hash,ASHA,323,,asha0323@asha.gov.in,,
324,asha0324,$2b$12$dummy_hash,ASHA,324,,asha0324@asha.gov.in,,
325,asha0325,$2b$12$dummy_hash,ASHA,325,,asha0325@asha.gov.in,,
326,asha0326,$2b$12$dummy_hash,ASHA,326,,asha0326@asha.gov.in,,
327,asha0327,$2b$12$dummy_hash,ASHA,327,,asha0327@asha.gov.in,,
328,asha0328,$2b$12$dummy_hash,ASHA,328,,asha0328@asha.gov.in,,
329,asha0329,$2b$12$dummy_hash,ASHA,329,,asha0329@asha.gov.in,,
330,asha0330,$2b$12$dummy_hash,ASHA,330,,asha0330@asha.gov.in,,
331,asha0331,$2b$12$dummy_hash,ASHA,331,,asha0331@asha.gov.in,,
332,asha0332,$2b$12$dummy_hash,ASHA,332,,asha0332@asha.gov.in,,
333,asha0333,$2b$12$dummy_hash,ASHA,333,,asha0333@asha.gov.in,,
334,asha0334,$2b$12$dummy_hash,ASHA,334,,asha0334@asha.gov.in,,
335,asha0335,$2b$12$dummy_hash,ASHA,335,,asha0335@asha.gov.in,,
336,asha0336,$2b$12$dummy_hash,ASHA,336,,asha0336@asha.gov.in,,
337,asha0337,$2b$12$dummy_hash,ASHA,337,,asha0337@asha.gov.in,,
338,asha0338,$2b$12$dummy_hash,ASHA,338,,asha0338@asha.gov.in,,
339,asha0339,$2b$12$dummy_hash,ASHA,339,,asha0339@asha.gov.in,,
340,asha0340,$2b$12$dummy_hash,ASHA,340,,asha0340@asha.gov.in,,
341,asha0341,$2b$12$dummy_hash,ASHA,341,,asha0341@asha.gov.in,,
342,asha0342,$2b$12$dummy_hash,ASHA,342,,asha0342@asha.gov.in,,
343,asha0343,$2b$12$dummy_hash,ASHA,343,,asha0343@asha.gov.in,,
344,asha0344,$2b$12$dummy_hash,ASHA,344,,asha0344@asha.gov.in,,
345,asha0345,$2b$12$dummy_hash,ASHA,345,,asha0345@asha.gov.in,,
346,asha0346,$2b$12$dummy_hash,ASHA,346,,asha0346@asha.gov.in,,
347,asha0347,$2b$12$dummy_hash,ASHA,347,,asha0347@asha.gov.in,,
348,asha0348,$2b$12$dummy_hash,ASHA,348,,asha0348@asha.gov.in,,
349,asha0349,$2b$12$dummy_hash,ASHA,349,,asha0349@asha.gov.in,,
350,asha0350,$2b$12$dummy_hash,ASHA,350,,asha0350@asha.gov.in,,
351,asha0351,$2b$12$dummy_hash,ASHA,351,,asha0351@asha.gov.in,,
352,asha0352,$2b$12$dummy_hash,ASHA,352,,asha0352@asha.gov.in,,
353,asha0353,$2b$12$dummy_hash,ASHA,353,,asha0353@asha.gov.in,,
354,asha0354,$2b$12$dummy_hash,ASHA,354,,asha0354@asha.gov.in,,
355,asha0355,$2b$12$dummy_hash,ASHA,355,,asha0355@asha.gov.in,,
356,asha0356,$2b$12$dummy_hash,ASHA,356,,asha0356@asha.gov.in,,
357,asha0357,$2b$12$dummy_hash,ASHA,357,,asha0357@asha.gov.in,,
358,asha0358,$2b$12$dummy_hash,ASHA,358,,asha0358@asha.gov.in,,
359,asha0359,$2b$12$dummy_hash,ASHA,359,,asha0359@asha.gov.in,,
360,asha0360,$2b$12$dummy_hash,ASHA,360,,asha0360@asha.gov.in,,
361,asha0361,$2b$12$dummy_hash,ASHA,361,,asha0361@asha.gov.in,,
362,asha0362,$2b$12$dummy_hash,ASHA,362,,asha0362@asha.gov.in,,
363,asha0363,$2b$12$dummy_hash,ASHA,363,,asha0363@asha.gov.in,,
364,asha0364,$2b$12$dummy_hash,ASHA,364,,asha0364@asha.gov.in,,
365,asha0365,$2b$12$dummy_hash,ASHA,365,,asha0365@asha.gov.in,,
366,asha0366,$2b$12$dummy_hash,ASHA,366,,asha0366@asha.gov.in,,
367,asha0367,$2b$12$dummy_hash,ASHA,367,,asha0367@asha.gov.in,,
368,asha0368,$2b$12$dummy_hash,ASHA,368,,asha0368@asha.gov.in,,
369,asha0369,$2b$12$dummy_hash,ASHA,369,,asha0369@asha.gov.in,,
370,asha0370,$2b$12$dummy_hash,ASHA,370,,asha0370@asha.gov.in,,
371,asha0371,$2b$12$dummy_hash,ASHA,371,,asha0371@asha.gov.in,,
372,asha0372,$2b$12$dummy_hash,ASHA,372,,asha0372@asha.gov.in,,
373,asha0373,$2b$12$dummy_hash,ASHA,373,,asha0373@asha.gov.in,,
374,asha0374,$2b$12$dummy_hash,ASHA,374,,asha0374@asha.gov.in,,
375,asha0375,$2b$12$dummy_hash,ASHA,375,,asha0375@asha.gov.in,,
376,asha0376,$2b$12$dummy_hash,ASHA,376,,asha0376@asha.gov.in,,
377,asha0377,$2b$12$dummy_hash,ASHA,377,,asha0377@asha.gov.in,,
378,asha0378,$2b$12$dummy_hash,ASHA,378,,asha0378@asha.gov.in,,
379,asha0379,$2b$12$dummy_hash,ASHA,379,,asha0379@asha.gov.in,,
380,asha0380,$2b$12$dummy_hash,ASHA,380,,asha0380@asha.gov.in,,
381,asha0381,$2b$12$dummy_hash,ASHA,381,,asha0381@asha.gov.in,,
382,asha0382,$2b$12$dummy_hash,ASHA,382,,asha0382@asha.gov.in,,
383,asha0383,$2b$12$dummy_hash,ASHA,383,,asha0383@asha.gov.in,,
384,asha0384,$2b$12$dummy_hash,ASHA,384,,asha0384@asha.gov.in,,
385,asha0385,$2b$12$dummy_hash,ASHA,385,,asha0385@asha.gov.in,,
386,asha0386,$2b$12$dummy_hash,ASHA,386,,asha0386@asha.gov.in,,
387,asha0387,$2b$12$dummy_hash,ASHA,387,,asha0387@asha.gov.in,,
388,asha0388,$2b$12$dummy_hash,ASHA,388,,asha0388@asha.gov.in,,
389,asha0389,$2b$12$dummy_hash,ASHA,389,,asha0389@asha.gov.in,,
390,asha0390,$2b$12$dummy_hash,ASHA,390,,asha0390@asha.gov.in,,
391,asha0391,$2b$12$dummy_hash,ASHA,391,,asha0391@asha.gov.in,,
392,asha0392,$2b$12$dummy_hash,ASHA,392,,asha0392@asha.gov.in,,
393,asha0393,$2b$12$dummy_hash,ASHA,393,,asha0393@asha.gov.in,,
394,asha0394,$2b$12$dummy_hash,ASHA,394,,asha0394@asha.gov.in,,
395,asha0395,$2b$12$dummy_hash,ASHA,395,,asha0395@asha.gov.in,,
396,asha0396,$2b$12$dummy_hash,ASHA,396,,asha0396@asha.gov.in,,
397,asha0397,$2b$12$dummy_hash,ASHA,397,,asha0397@asha.gov.in,,
398,asha0398,$2b$12$dummy_hash,ASHA,398,,asha0398@asha.gov.in,,
399,asha0399,$2b$12$dummy_hash,ASHA,399,,asha0399@asha.gov.in,,
400,asha0400,$2b$12$dummy_hash,ASHA,400,,asha0400@asha.gov.in,,
401,asha0401,$2b$12$dummy_hash,ASHA,401,,asha0401@asha.gov.in,,
402,asha0402,$2b$12$dummy_hash,ASHA,402,,asha0402@asha.gov.in,,
403,asha0403,$2b$12$dummy_hash,ASHA,403,,asha0403@asha.gov.in,,
404,asha0404,$2b$12$dummy_hash,ASHA,404,,asha0404@asha.gov.in,,
405,asha0405,$2b$12$dummy_hash,ASHA,405,,asha0405@asha.gov.in,,
406,asha0406,$2b$12$dummy_hash,ASHA,406,,asha0406@asha.gov.in,,
407,asha0407,$2b$12$dummy_hash,ASHA,407,,asha0407@asha.gov.in,,
408,asha0408,$2b$12$dummy_hash,ASHA,408,,asha0408@asha.gov.in,,
409,asha0409,$2b$12$dummy_hash,ASHA,409,,asha0409@asha.gov.in,,
410,asha0410,$2b$12$dummy_hash,ASHA,410,,asha0410@asha.gov.in,,
411,asha0411,$2b$12$dummy_hash,ASHA,411,,asha0411@asha.gov.in,,
412,asha0412,$2b$12$dummy_hash,ASHA,412,,asha0412@asha.gov.in,,
413,asha0413,$2b$12$dummy_hash,ASHA,413,,asha0413@asha.gov.in,,
414,asha0414,$2b$12$dummy_hash,ASHA,414,,asha0414@asha.gov.in,,
415,asha0415,$2b$12$dummy_hash,ASHA,415,,asha0415@asha.gov.in,,
416,asha0416,$2b$12$dummy_hash,ASHA,416,,asha0416@asha.gov.in,,
417,asha0417,$2b$12$dummy_hash,ASHA,417,,asha0417@asha.gov.in,,
418,asha0418,$2b$12$dummy_hash,ASHA,418,,asha0418@asha.gov.in,,
419,asha0419,$2b$12$dummy_hash,ASHA,419,,asha0419@asha.gov.in,,
420,asha0420,$2b$12$dummy_hash,ASHA,420,,asha0420@asha.gov.in,,
421,asha0421,$2b$12$dummy_hash,ASHA,421,,asha0421@asha.gov.in,,
422,asha0422,$2b$12$dummy_hash,ASHA,422,,asha0422@asha.gov.in,,
423,asha0423,$2b$12$dummy_hash,ASHA,423,,asha0423@asha.gov.in,,
424,asha0424,$2b$12$dummy_hash,ASHA,424,,asha0424@asha.gov.in,,
425,asha0425,$2b$12$dummy_hash,ASHA,425,,asha0425@asha.gov.in,,
426,asha0426,$2b$12$dummy_hash,ASHA,426,,asha0426@asha.gov.in,,
427,asha0427,$2b$12$dummy_hash,ASHA,427,,asha0427@asha.gov.in,,
428,asha0428,$2b$12$dummy_hash,ASHA,428,,asha0428@asha.gov.in,,
429,asha0429,$2b$12$dummy_hash,ASHA,429,,asha0429@asha.gov.in,,
430,asha0430,$2b$12$dummy_hash,ASHA,430,,asha0430@asha.gov.in,,
431,asha0431,$2b$12$dummy_hash,ASHA,431,,asha0431@asha.gov.in,,
432,asha0432,$2b$12$dummy_hash,ASHA,432,,asha0432@asha.gov.in,,
433,asha0433,$2b$12$dummy_hash,ASHA,433,,asha0433@asha.gov.in,,
434,asha0434,$2b$12$dummy_hash,ASHA,434,,asha0434@asha.gov.in,,
435,asha0435,$2b$12$dummy_hash,ASHA,435,,asha0435@asha.gov.in,,
436,asha0436,$2b$12$dummy_hash,ASHA,436,,asha0436@asha.gov.in,,
437,asha0437,$2b$12$dummy_hash,ASHA,437,,asha0437@asha.gov.in,,
438,asha0438,$2b$12$dummy_hash,ASHA,438,,asha0438@asha.gov.in,,
439,asha0439,$2b$12$dummy_hash,ASHA,439,,asha0439@asha.gov.in,,
440,asha0440,$2b$12$dummy_hash,ASHA,440,,asha0440@asha.gov.in,,
441,asha0441,$2b$12$dummy_hash,ASHA,441,,asha0441@asha.gov.in,,
442,asha0442,$2b$12$dummy_hash,ASHA,442,,asha0442@asha.gov.in,,
443,asha0443,$2b$12$dummy_hash,ASHA,443,,asha0443@asha.gov.in,,
444,asha0444,$2b$12$dummy_hash,ASHA,444,,asha0444@asha.gov.in,,
445,asha0445,$2b$12$dummy_hash,ASHA,445,,asha0445@asha.gov.in,,
446,asha0446,$2b$12$dummy_hash,ASHA,446,,asha0446@asha.gov.in,,
447,asha0447,$2b$12$dummy_hash,ASHA,447,,asha0447@asha.gov.in,,
448,asha0448,$2b$12$dummy_hash,ASHA,448,,asha0448@asha.gov.in,,
449,asha0449,$2b$12$dummy_hash,ASHA,449,,asha0449@asha.gov.in,,
450,asha0450,$2b$12$dummy_hash,ASHA,450,,asha0450@asha.gov.in,,
451,asha0451,$2b$12$dummy_hash,ASHA,451,,asha0451@asha.gov.in,,
452,asha0452,$2b$12$dummy_hash,ASHA,452,,asha0452@asha.gov.in,,
453,asha0453,$2b$12$dummy_hash,ASHA,453,,asha0453@asha.gov.in,,
454,asha0454,$2b$12$dummy_hash,ASHA,454,,asha0454@asha.gov.in,,
455,asha0455,$2b$12$dummy_hash,ASHA,455,,asha0455@asha.gov.in,,
456,asha0456,$2b$12$dummy_hash,ASHA,456,,asha0456@asha.gov.in,,
457,asha0457,$2b$12$dummy_hash,ASHA,457,,asha0457@asha.gov.in,,
458,asha0458,$2b$12$dummy_hash,ASHA,458,,asha0458@asha.gov.in,,
459,asha0459,$2b$12$dummy_hash,ASHA,459,,asha0459@asha.gov.in,,
460,asha0460,$2b$12$dummy_hash,ASHA,460,,asha0460@asha.gov.in,,
461,asha0461,$2b$12$dummy_hash,ASHA,461,,asha0461@asha.gov.in,,
462,asha0462,$2b$12$dummy_hash,ASHA,462,,asha0462@asha.gov.in,,
463,asha0463,$2b$12$dummy_hash,ASHA,463,,asha0463@asha.gov.in,,
464,asha0464,$2b$12$dummy_hash,ASHA,464,,asha0464@asha.gov.in,,
465,asha0465,$2b$12$dummy_hash,ASHA,465,,asha0465@asha.gov.in,,
466,asha0466,$2b$12$dummy_hash,ASHA,466,,asha0466@asha.gov.in,,
467,asha0467,$2b$12$dummy_hash,ASHA,467,,asha0467@asha.gov.in,,
468,asha0468,$2b$12$dummy_hash,ASHA,468,,asha0468@asha.gov.in,,
469,asha0469,$2b$12$dummy_hash,ASHA,469,,asha0469@asha.gov.in,,
470,asha0470,$2b$12$dummy_hash,ASHA,470,,asha0470@asha.gov.in,,
471,asha0471,$2b$12$dummy_hash,ASHA,471,,asha0471@asha.gov.in,,
472,asha0472,$2b$12$dummy_hash,ASHA,472,,asha0472@asha.gov.in,,
473,asha0473,$2b$12$dummy_hash,ASHA,473,,asha0473@asha.gov.in,,
474,asha0474,$2b$12$dummy_hash,ASHA,474,,asha0474@asha.gov.in,,
475,asha0475,$2b$12$dummy_hash,ASHA,475,,asha0475@asha.gov.in,,
476,asha0476,$2b$12$dummy_hash,ASHA,476,,asha0476@asha.gov.in,,
477,asha0477,$2b$12$dummy_hash,ASHA,477,,asha0477@asha.gov.in,,
478,asha0478,$2b$12$dummy_hash,ASHA,478,,asha0478@asha.gov.in,,
479,asha0479,$2b$12$dummy_hash,ASHA,479,,asha0479@asha.gov.in,,
480,asha0480,$2b$12$dummy_hash,ASHA,480,,asha0480@asha.gov.in,,
481,asha0481,$2b$12$dummy_hash,ASHA,481,,asha0481@asha.gov.in,,
482,asha0482,$2b$12$dummy_hash,ASHA,482,,asha0482@asha.gov.in,,
483,asha0483,$2b$12$dummy_hash,ASHA,483,,asha0483@asha.gov.in,,
484,asha0484,$2b$12$dummy_hash,ASHA,484,,asha0484@asha.gov.in,,
485,asha0485,$2b$12$dummy_hash,ASHA,485,,asha0485@asha.gov.in,,
486,asha0486,$2b$12$dummy_hash,ASHA,486,,asha0486@asha.gov.in,,
487,asha0487,$2b$12$dummy_hash,ASHA,487,,asha0487@asha.gov.in,,
488,asha0488,$2b$12$dummy_hash,ASHA,488,,asha0488@asha.gov.in,,
489,asha0489,$2b$12$dummy_hash,ASHA,489,,asha0489@asha.gov.in,,
490,asha0490,$2b$12$dummy_hash,ASHA,490,,asha0490@asha.gov.in,,
491,asha0491,$2b$12$dummy_hash,ASHA,491,,asha0491@asha.gov.in,,
492,asha0492,$2b$12$dummy_hash,ASHA,492,,asha0492@asha.gov.in,,
493,asha0493,$2b$12$dummy_hash,ASHA,493,,asha0493@asha.gov.in,,
494,asha0494,$2b$12$dummy_hash,ASHA,494,,asha0494@asha.gov.in,,
495,asha0495,$2b$12$dummy_hash,ASHA,495,,asha0495@asha.gov.in,,
496,asha0496,$2b$12$dummy_hash,ASHA,496,,asha0496@asha.gov.in,,
497,asha0497,$2b$12$dummy_hash,ASHA,497,,asha0497@asha.gov.in,,
498,asha0498,$2b$12$dummy_hash,ASHA,498,,asha0498@asha.gov.in,,
499,asha0499,$2b$12$dummy_hash,ASHA,499,,asha0499@asha.gov.in,,
500,asha0500,$2b$12$dummy_hash,ASHA,500,,asha0500@asha.gov.in,,
501,anm0001,$2b$12$dummy_hash,ANM,,1,anm0001@anm.gov.in,,
502,anm0002,$2b$12$dummy_hash,ANM,,2,anm0002@anm.gov.in,,
503,anm0003,$2b$12$dummy_hash,ANM,,3,anm0003@anm.gov.in,,
504,anm0004,$2b$12$dummy_hash,ANM,,4,anm0004@anm.gov.in,,
505,anm0005,$2b$12$dummy_hash,ANM,,5,anm0005@anm.gov.in,,
506,anm0006,$2b$12$dummy_hash,ANM,,6,anm0006@anm.gov.in,,
507,anm0007,$2b$12$dummy_hash,ANM,,7,anm0007@anm.gov.in,,
508,anm0008,$2b$12$dummy_hash,ANM,,8,anm0008@anm.gov.in,,
509,anm0009,$2b$12$dummy_hash,ANM,,9,anm0009@anm.gov.in,,
510,anm0010,$2b$12$dummy_hash,ANM,,10,anm0010@anm.gov.in,,
511,anm0011,$2b$12$dummy_hash,ANM,,11,anm0011@anm.gov.in,,
512,anm0012,$2b$12$dummy_hash,ANM,,12,anm0012@anm.gov.in,,
513,anm0013,$2b$12$dummy_hash,ANM,,13,anm0013@anm.gov.in,,
514,anm0014,$2b$12$dummy_hash,ANM,,14,anm0014@anm.gov.in,,
515,anm0015,$2b$12$dummy_hash,ANM,,15,anm0015@anm.gov.in,,
516,anm0016,$2b$12$dummy_hash,ANM,,16,anm0016@anm.gov.in,,
517,anm0017,$2b$12$dummy_hash,ANM,,17,anm0017@anm.gov.in,,
518,anm0018,$2b$12$dummy_hash,ANM,,18,anm0018@anm.gov.in,,
519,anm0019,$2b$12$dummy_hash,ANM,,19,anm0019@anm.gov.in,,
520,anm0020,$2b$12$dummy_hash,ANM,,20,anm0020@anm.gov.in,,
521,anm0021,$2b$12$dummy_hash,ANM,,21,anm0021@anm.gov.in,,
522,anm0022,$2b$12$dummy_hash,ANM,,22,anm0022@anm.gov.in,,
523,anm0023,$2b$12$dummy_hash,ANM,,23,anm0023@anm.gov.in,,
524,anm0024,$2b$12$dummy_hash,ANM,,24,anm0024@anm.gov.in,,
525,anm0025,$2b$12$dummy_hash,ANM,,25,anm0025@anm.gov.in,,
526,anm0026,$2b$12$dummy_hash,ANM,,26,anm0026@anm.gov.in,,
527,anm0027,$2b$12$dummy_hash,ANM,,27,anm0027@anm.gov.in,,
528,anm0028,$2b$12$dummy_hash,ANM,,28,anm0028@anm.gov.in,,
529,anm0029,$2b$12$dummy_hash,ANM,,29,anm0029@anm.gov.in,,
530,anm0030,$2b$12$dummy_hash,ANM,,30,anm0030@anm.gov.in,,
531,anm0031,$2b$12$dummy_hash,ANM,,31,anm0031@anm.gov.in,,
532,anm0032,$2b$12$dummy_hash,ANM,,32,anm0032@anm.gov.in,,
533,anm0033,$2b$12$dummy_hash,ANM,,33,anm0033@anm.gov.in,,
534,anm0034,$2b$12$dummy_hash,ANM,,34,anm0034@anm.gov.in,,
535,anm0035,$2b$12$dummy_hash,ANM,,35,anm0035@anm.gov.in,,
536,anm0036,$2b$12$dummy_hash,ANM,,36,anm0036@anm.gov.in,,
537,anm0037,$2b$12$dummy_hash,ANM,,37,anm0037@anm.gov.in,,
538,anm0038,$2b$12$dummy_hash,ANM,,38,anm0038@anm.gov.in,,
539,anm0039,$2b$12$dummy_hash,ANM,,39,anm0039@anm.gov.in,,
540,anm0040,$2b$12$dummy_hash,ANM,,40,anm0040@anm.gov.in,,
541,anm0041,$2b$12$dummy_hash,ANM,,41,anm0041@anm.gov.in,,
542,anm0042,$2b$12$dummy_hash,ANM,,42,anm0042@anm.gov.in,,
543,anm0043,$2b$12$dummy_hash,ANM,,43,anm0043@anm.gov.in,,
544,anm0044,$2b$12$dummy_hash,ANM,,44,anm0044@anm.gov.in,,
545,anm0045,$2b$12$dummy_hash,ANM,,45,anm0045@anm.gov.in,,
546,anm0046,$2b$12$dummy_hash,ANM,,46,anm0046@anm.gov.in,,
547,anm0047,$2b$12$dummy_hash,ANM,,47,anm0047@anm.gov.in,,
548,anm0048,$2b$12$dummy_hash,ANM,,48,anm0048@anm.gov.in,,
549,anm0049,$2b$12$dummy_hash,ANM,,49,anm0049@anm.gov.in,,
550,anm0050,$2b$12$dummy_hash,ANM,,50,anm0050@anm.gov.in,,
551,anm0051,$2b$12$dummy_hash,ANM,,51,anm0051@anm.gov.in,,
552,anm0052,$2b$12$dummy_hash,ANM,,52,anm0052@anm.gov.in,,
553,anm0053,$2b$12$dummy_hash,ANM,,53,anm0053@anm.gov.in,,
554,anm0054,$2b$12$dummy_hash,ANM,,54,anm0054@anm.gov.in,,
555,anm0055,$2b$12$dummy_hash,ANM,,55,anm0055@anm.gov.in,,
556,anm0056,$2b$12$dummy_hash,ANM,,56,anm0056@anm.gov.in,,
557,anm0057,$2b$12$dummy_hash,ANM,,57,anm0057@anm.gov.in,,
558,anm0058,$2b$12$dummy_hash,ANM,,58,anm0058@anm.gov.in,,
559,anm0059,$2b$12$dummy_hash,ANM,,59,anm0059@anm.gov.in,,
560,anm0060,$2b$12$dummy_hash,ANM,,60,anm0060@anm.gov.in,,
561,anm0061,$2b$12$dummy_hash,ANM,,61,anm0061@anm.gov.in,,
562,anm0062,$2b$12$dummy_hash,ANM,,62,anm0062@anm.gov.in,,
563,anm0063,$2b$12$dummy_hash,ANM,,63,anm0063@anm.gov.in,,
564,anm0064,$2b$12$dummy_hash,ANM,,64,anm0064@anm.gov.in,,
565,anm0065,$2b$12$dummy_hash,ANM,,65,anm0065@anm.gov.in,,
566,anm0066,$2b$12$dummy_hash,ANM,,66,anm0066@anm.gov.in,,
567,anm0067,$2b$12$dummy_hash,ANM,,67,anm0067@anm.gov.in,,
568,anm0068,$2b$12$dummy_hash,ANM,,68,anm0068@anm.gov.in,,
569,anm0069,$2b$12$dummy_hash,ANM,,69,anm0069@anm.gov.in,,
570,anm0070,$2b$12$dummy_hash,ANM,,70,anm0070@anm.gov.in,,
571,anm0071,$2b$12$dummy_hash,ANM,,71,anm0071@anm.gov.in,,
572,anm0072,$2b$12$dummy_hash,ANM,,72,anm0072@anm.gov.in,,
573,anm0073,$2b$12$dummy_hash,ANM,,73,anm0073@anm.gov.in,,
574,anm0074,$2b$12$dummy_hash,ANM,,74,anm0074@anm.gov.in,,
575,anm0075,$2b$12$dummy_hash,ANM,,75,anm0075@anm.gov.in,,
576,anm0076,$2b$12$dummy_hash,ANM,,76,anm0076@anm.gov.in,,
577,anm0077,$2b$12$dummy_hash,ANM,,77,anm0077@anm.gov.in,,
578,anm0078,$2b$12$dummy_hash,ANM,,78,anm0078@anm.gov.in,,
579,anm0079,$2b$12$dummy_hash,ANM,,79,anm0079@anm.gov.in,,
580,anm0080,$2b$12$dummy_hash,ANM,,80,anm0080@anm.gov.in,,
581,anm0081,$2b$12$dummy_hash,ANM,,81,anm0081@anm.gov.in,,
582,anm0082,$2b$12$dummy_hash,ANM,,82,anm0082@anm.gov.in,,
583,anm0083,$2b$12$dummy_hash,ANM,,83,anm0083@anm.gov.in,,
584,anm0084,$2b$12$dummy_hash,ANM,,84,anm0084@anm.gov.in,,
585,anm0085,$2b$12$dummy_hash,ANM,,85,anm0085@anm.gov.in,,
586,anm0086,$2b$12$dummy_hash,ANM,,86,anm0086@anm.gov.in,,
587,anm0087,$2b$12$dummy_hash,ANM,,87,anm0087@anm.gov.in,,
588,anm0088,$2b$12$dummy_hash,ANM,,88,anm0088@anm.gov.in,,
589,anm0089,$2b$12$dummy_hash,ANM,,89,anm0089@anm.gov.in,,
590,anm0090,$2b$12$dummy_hash,ANM,,90,anm0090@anm.gov.in,,
591,anm0091,$2b$12$dummy_hash,ANM,,91,anm0091@anm.gov.in,,
592,anm0092,$2b$12$dummy_hash,ANM,,92,anm0092@anm.gov.in,,
593,anm0093,$2b$12$dummy_hash,ANM,,93,anm0093@anm.gov.in,,
594,anm0094,$2b$12$dummy_hash,ANM,,94,anm0094@anm.gov.in,,
595,anm0095,$2b$12$dummy_hash,ANM,,95,anm0095@anm.gov.in,,
596,anm0096,$2b$12$dummy_hash,ANM,,96,anm0096@anm.gov.in,,
597,anm0097,$2b$12$dummy_hash,ANM,,97,anm0097@anm.gov.in,,
598,anm0098,$2b$12$dummy_hash,ANM,,98,anm0098@anm.gov.in,,
599,anm0099,$2b$12$dummy_hash,ANM,,99,anm0099@anm.gov.in,,
600,anm0100,$2b$12$dummy_hash,ANM,,100,anm0100@anm.gov.in,,
601,admin,$2b$12$dummy_hash,ADMIN,,,admin@asha.gov.in,,
1,asha0001,$2b$12$2WzfqSVRzxoQRPPYCU69meBAuUfppghlEMUUT18PL6zJMQlqRPGKC,ASHA,1,,tonystarkandpepperpotts2@gmail.com,,
2,asha0002,$2b$12$heeHV8RTCM98Q9rBgCRiWOZ5br/80n95nw0mJIS75X59GFXcPLc5q,ASHA,2,,kinginthenorth.robb.starkk@gmail.com,,
