asha_id,employee_code,first_name,last_name,phone_number,date_of_joining,status,area_id
1,ASHA0001,Eta,Baral,8828131148,2020-03-08,ACTIVE,1
2,ASHA0002,Abha,Contractor,8692631740,2016-10-04,ACTIVE,2
3,ASHA0003,Nikita,Balay,8584870291,2011-07-13,ACTIVE,3
4,ASHA0004,Warhi,Goswami,8956185311,2015-06-09,TRANSFERRED,4
5,ASHA0005,Baghyawati,Bhalla,8643406606,2016-08-11,ACTIVE,5
6,ASHA0006,Tamanna,Malhotra,8956669551,2012-01-03,ACTIVE,6
7,ASHA0007,Faras,Chowdhury,8912183046,2015-06-25,ACTIVE,7
8,ASHA0008,Siya,Peri,8323536312,2012-03-16,ACTIVE,8
9,ASHA0009,Fitan,Sodhi,8254861117,2023-04-22,ACTIVE,9
10,ASHA0010,Harsh,Sule,8791389336,2017-03-27,ACTIVE,10
11,ASHA0011,Ridhi,Vyas,8439304500,2024-09-30,INACTIVE,11
12,ASHA0012,Anusha,Agarwal,8519454326,2014-07-15,ACTIVE,12
13,ASHA0013,Krishna,Bose,8340527381,2012-01-21,ACTIVE,13
14,ASHA0014,Aarav,Chand,8859948538,2020-05-21,ACTIVE,14
15,ASHA0015,Janani,Tata,8884149095,2019-06-30,ACTIVE,15
16,ASHA0016,Zayyan,Mani,8379419290,2019-05-01,ACTIVE,16
17,ASHA0017,Oliver,Bansal,8517830483,2016-08-23,RETIRED,17
18,ASHA0018,Dhruv,Ravi,8824832314,2021-07-05,ACTIVE,18
19,ASHA0019,Edhitha,Mandal,8527108209,2023-12-18,ACTIVE,19
20,ASHA0020,Utkarsh,Pant,8486740214,2012-09-03,ACTIVE,20
21,ASHA0021,Peter,Chaudhry,8247673488,2018-11-23,ACTIVE,21
22,ASHA0022,Ekaraj,Ray,8428525726,2023-07-17,ACTIVE,22
23,ASHA0023,Damini,Ratta,8816916735,2014-09-05,ACTIVE,23
24,ASHA0024,Naveen,Mall,8273393429,2024-07-21,ACTIVE,24
25,ASHA0025,Gaurika,Sheth,8820920761,2018-01-26,TRANSFERRED,25
26,ASHA0026,Finn,Sankaran,8987664611,2013-04-11,ACTIVE,26
27,ASHA0027,Arunima,Mandal,8750057051,2013-11-29,TRANSFERRED,27
28,ASHA0028,Gunbir,Khare,8153525115,2017-09-08,ACTIVE,28
29,ASHA0029,Irya,Munshi,8861227256,2023-11-13,ACTIVE,29
30,ASHA0030,Azaan,Chander,8585116348,2023-03-13,ACTIVE,30
31,ASHA0031,Qarin,Banik,8590503853,2014-06-10,ACTIVE,31
32,ASHA0032,Vincent,Rajagopal,8319277278,2024-06-04,ACTIVE,32
33,ASHA0033,Champak,Mitter,8490231438,2017-11-01,ACTIVE,33
34,ASHA0034,Mitesh,Narula,8492173347,2023-01-29,ACTIVE,34
35,ASHA0035,Atharv,Baria,8989990468,2016-07-06,ACTIVE,35
36,ASHA0036,Pooja,Ahuja,8123539579,2019-03-12,ACTIVE,36
37,ASHA0037,Rajata,Chander,8673504872,2014-03-02,ACTIVE,37
38,ASHA0038,Shivansh,Iyer,8877705852,2023-11-27,ACTIVE,38
39,ASHA0039,Faraj,Chana,8670019146,2019-11-20,INACTIVE,39
40,ASHA0040,Rishi,Raju,8313777736,2016-02-20,ACTIVE,40
41,ASHA0041,Wahab,Naidu,8431095297,2018-10-10,ACTIVE,41
42,ASHA0042,Bina,Lala,8837469890,2020-02-23,ACTIVE,42
43,ASHA0043,Kavya,Rajagopalan,8749050454,2015-12-04,ACTIVE,43
44,ASHA0044,Vasatika,Virk,8715452231,2011-09-25,ACTIVE,44
45,ASHA0045,Wyatt,Goswami,8290611122,2019-11-26,ACTIVE,45
46,ASHA0046,Ekavir,Ganesan,8374599526,2013-01-08,ACTIVE,46
47,ASHA0047,Upadhriti,Ratti,8997980734,2014-05-18,ACTIVE,47
48,ASHA0048,Falan,Dugar,8277623665,2013-08-14,ACTIVE,48
49,ASHA0049,Forum,Gokhale,8648749445,2014-12-24,ACTIVE,49
50,ASHA0050,Upadhriti,Kunda,8167497292,2014-08-09,ACTIVE,50
51,ASHA0051,Chanakya,Khare,8398748758,2018-01-01,INACTIVE,51
52,ASHA0052,Om,Shetty,8194317152,2015-07-16,ACTIVE,52
53,ASHA0053,Aishani,Sood,8717003695,2019-12-10,ACTIVE,53
54,ASHA0054,Veer,Sachdev,8798866334,2018-12-23,ACTIVE,54
55,ASHA0055,Madhav,Bala,8844043952,2012-10-22,ACTIVE,55
56,ASHA0056,Ayaan,Korpal,8489554759,2011-10-26,ACTIVE,56
57,ASHA0057,Ikshita,Chakraborty,8867363993,2015-08-24,ACTIVE,57
58,ASHA0058,Hamsini,Chander,8286628477,2022-04-07,ACTIVE,58
59,ASHA0059,Damini,Dewan,8813386275,2020-01-20,ACTIVE,59
60,ASHA0060,Lavanya,Rout,8745044985,2012-04-07,ACTIVE,60
61,ASHA0061,Abeer,Sehgal,8226490161,2013-08-16,ACTIVE,61
62,ASHA0062,Ucchal,Kota,8448174356,2019-10-03,ACTIVE,62
63,ASHA0063,Hamsini,Sachar,8155377627,2020-01-10,ACTIVE,63
64,ASHA0064,Meghana,Gopal,8402749357,2018-02-24,ACTIVE,64
65,ASHA0065,Aadhya,Ganesh,8814293451,2017-01-08,INACTIVE,65
66,ASHA0066,Chakradev,Minhas,8208801623,2011-11-19,ACTIVE,66
67,ASHA0067,Lekha,Dyal,8546667286,2023-03-13,ACTIVE,67
68,ASHA0068,Samaksh,Ghosh,8199514053,2012-04-05,ACTIVE,68
69,ASHA0069,Ekansh,Lanka,8687626564,2012-12-03,ACTIVE,69
70,ASHA0070,Vidhi,Bose,8530682473,2014-01-14,ACTIVE,70
71,ASHA0071,Kamala,Narain,8906857002,2020-05-20,ACTIVE,71
72,ASHA0072,Ayaan,Nair,8304657805,2014-07-26,ACTIVE,72
73,ASHA0073,Gabriel,Konda,8728700306,2018-12-19,ACTIVE,73
74,ASHA0074,Mohammed,Dube,8479026301,2012-05-21,TRANSFERRED,74
75,ASHA0075,Fariq,Rege,8104313084,2022-01-01,ACTIVE,75
76,ASHA0076,Vanya,Bose,8349415380,2019-01-30,ACTIVE,76
77,ASHA0077,Imaran,Pillay,8627868488,2013-01-22,ACTIVE,77
78,ASHA0078,Lila,Rajagopalan,8544435294,2021-10-02,ACTIVE,78
79,ASHA0079,Tanish,Chaudhary,8243941731,2019-06-30,ACTIVE,79
80,ASHA0080,Hema,Pandey,8684426290,2022-06-16,ACTIVE,80
81,ASHA0081,Frederick,Master,8694179749,2023-01-05,ACTIVE,81
82,ASHA0082,Balendra,Bumb,8114002085,2023-01-03,ACTIVE,82
83,ASHA0083,Meera,Bhatia,8437064589,2018-01-26,ACTIVE,83
84,ASHA0084,Ikbal,Nori,8773805535,2014-01-24,ACTIVE,84
85,ASHA0085,Raghav,Master,8977902862,2023-03-30,ACTIVE,85
86,ASHA0086,Benjamin,Hegde,8210524280,2014-02-25,ACTIVE,86
87,ASHA0087,Nachiket,Ranganathan,8745379964,2023-11-24,ACTIVE,87
88,ASHA0088,Damyanti,Walia,8557732661,2018-04-22,ACTIVE,88
89,ASHA0089,Amruta,Handa,8840119435,2024-04-11,ACTIVE,89
90,ASHA0090,Nitesh,Nanda,8402403050,2016-06-10,ACTIVE,90
91,ASHA0091,Gautam,Tata,8669525851,2024-09-17,ACTIVE,91
92,ASHA0092,Lopa,Agarwal,8431109724,2013-07-15,ACTIVE,92
93,ASHA0093,Onveer,Sinha,8405280112,2025-02-14,ACTIVE,93
94,ASHA0094,Faqid,Sankar,8864608568,2012-04-08,ACTIVE,94
95,ASHA0095,Anay,Kar,8326111364,2016-06-27,ACTIVE,95
96,ASHA0096,Kabir,Chowdhury,8184957238,2022-01-09,ACTIVE,96
97,ASHA0097,Warda,Swamy,8228847150,2012-09-29,ACTIVE,97
98,ASHA0098,Ishani,Modi,8148161891,2018-08-25,ACTIVE,98
99,ASHA0099,Azad,Rastogi,8341428400,2025-03-17,ACTIVE,99
100,ASHA0100,Arunima,Choudhary,8962317098,2024-06-03,ACTIVE,100
101,ASHA0101,Chasmum,Bahl,8534125679,2014-04-20,TRANSFERRED,101
102,ASHA0102,Frado,Garg,8668300114,2022-07-07,ACTIVE,102
103,ASHA0103,Tanish,Maharaj,8750219200,2023-03-03,ACTIVE,103
104,ASHA0104,Gaurika,Kadakia,8126851883,2023-11-15,ACTIVE,104
105,ASHA0105,Damyanti,Kapur,8934315227,2014-01-25,RETIRED,105
106,ASHA0106,Devika,Khare,8345674076,2019-08-11,TRANSFERRED,106
107,ASHA0107,Ekavir,Chana,8609744639,2012-04-01,ACTIVE,107
108,ASHA0108,Kritika,Nadig,8546592453,2025-01-15,ACTIVE,108
109,ASHA0109,Vyanjana,Naik,8966248789,2016-03-31,TRANSFERRED,109
110,ASHA0110,Jasmit,Dixit,8459273441,2019-06-24,ACTIVE,110
111,ASHA0111,Widisha,Kara,8670357203,2012-03-29,ACTIVE,111
112,ASHA0112,Falan,Suresh,8769851865,2015-07-07,ACTIVE,112
113,ASHA0113,Hemani,Sahni,8994716978,2016-09-06,ACTIVE,113
114,ASHA0114,Bimala,Krishnan,8201704691,2016-11-05,ACTIVE,114
115,ASHA0115,Jagrati,Bhasin,8475462529,2017-02-26,ACTIVE,115
116,ASHA0116,Agastya,Doshi,8387857754,2016-11-25,ACTIVE,116
117,ASHA0117,Patrick,Kapadia,8855316760,2014-06-17,ACTIVE,117
118,ASHA0118,Sneha,Chawla,8175511518,2021-04-27,ACTIVE,118
119,ASHA0119,Nimrat,Din,8223997958,2017-11-29,ACTIVE,119
120,ASHA0120,Naveen,Basu,8145088354,2011-11-02,ACTIVE,120
121,ASHA0121,Ekani,Kanda,8303593684,2021-06-18,ACTIVE,121
122,ASHA0122,Yutika,Ganesan,8523783490,2018-02-19,ACTIVE,122
123,ASHA0123,Anthony,Sachdev,8741368534,2021-04-16,ACTIVE,123
124,ASHA0124,Bhavya,Brahmbhatt,8989015678,2021-01-27,ACTIVE,124
125,ASHA0125,Chakradhar,Prakash,8575354414,2024-04-28,ACTIVE,125
126,ASHA0126,Raksha,Palla,8694148235,2016-05-12,ACTIVE,126
127,ASHA0127,Anvi,Deep,8885500020,2020-11-17,ACTIVE,127
128,ASHA0128,Bachittar,Sachar,8291889443,2013-10-28,ACTIVE,128
129,ASHA0129,Aradhana,Varty,8505379981,2016-04-20,ACTIVE,129
130,ASHA0130,Abha,Khalsa,8942854781,2015-01-06,ACTIVE,130
131,ASHA0131,Widisha,Manda,8932974003,2024-03-13,ACTIVE,131
132,ASHA0132,Radha,Pant,8853143947,2012-08-13,ACTIVE,132
133,ASHA0133,Sai,Banik,8546371349,2022-08-03,ACTIVE,133
134,ASHA0134,Radhika,Sampath,8143052255,2019-07-11,TRANSFERRED,134
135,ASHA0135,Balveer,Mand,8294843544,2012-06-03,ACTIVE,135
136,ASHA0136,Abeer,Sami,8253462168,2015-02-18,TRANSFERRED,136
137,ASHA0137,Samesh,Sodhi,8968240098,2015-10-20,ACTIVE,137
138,ASHA0138,Jason,Yogi,8338902069,2015-11-20,ACTIVE,138
139,ASHA0139,Chameli,Dutt,8332043720,2025-02-08,ACTIVE,139
140,ASHA0140,Naveen,Narayanan,8589939628,2018-07-24,ACTIVE,140
141,ASHA0141,Chakradhar,Butala,8503591071,2024-09-22,ACTIVE,141
142,ASHA0142,Simon,Kulkarni,8868265456,2018-05-21,ACTIVE,142
143,ASHA0143,Eta,Singh,8657346529,2021-11-29,ACTIVE,143
144,ASHA0144,Nilima,Behl,8663468923,2017-04-10,ACTIVE,144
145,ASHA0145,Unni,Sha,8423614688,2024-02-08,INACTIVE,145
146,ASHA0146,Raghav,Sur,8112548479,2018-10-22,ACTIVE,146
147,ASHA0147,Krisha,Choudhry,8770833835,2012-05-26,ACTIVE,147
148,ASHA0148,Maya,Deshmukh,8729323864,2024-10-30,ACTIVE,148
149,ASHA0149,Sathvik,Murthy,8924190062,2017-12-06,ACTIVE,149
150,ASHA0150,Aishani,Kohli,8250649683,2014-08-18,ACTIVE,150
151,ASHA0151,Chakrika,Krishnamurthy,8756258917,2019-04-20,INACTIVE,151
152,ASHA0152,Dayita,Varty,8877830944,2015-09-13,INACTIVE,152
153,ASHA0153,Advay,Srinivasan,8514025445,2020-06-06,ACTIVE,153
154,ASHA0154,Niharika,Issac,8789526824,2016-06-25,ACTIVE,154
155,ASHA0155,Warhi,Borde,8766098713,2023-09-24,ACTIVE,155
156,ASHA0156,Jason,Sankaran,8149238592,2020-12-22,TRANSFERRED,156
157,ASHA0157,Megha,Chandra,8761341694,2023-10-11,ACTIVE,157
158,ASHA0158,Alka,Malhotra,8352155443,2012-02-22,ACTIVE,158
159,ASHA0159,Balhaar,Khare,8120615405,2014-08-18,ACTIVE,159
160,ASHA0160,Hredhaan,Char,8268070768,2013-11-15,ACTIVE,160
161,ASHA0161,Ekaraj,Bajaj,8664119845,2018-07-07,RETIRED,161
162,ASHA0162,Qushi,Nagy,8423220688,2012-05-07,ACTIVE,162
163,ASHA0163,Zaid,Banik,8252317178,2021-10-27,ACTIVE,163
164,ASHA0164,Samesh,Chopra,8877404292,2024-06-06,ACTIVE,164
165,ASHA0165,Devansh,Aggarwal,8317462392,2014-07-19,ACTIVE,165
166,ASHA0166,Simon,Anand,8305551287,2020-11-25,ACTIVE,166
167,ASHA0167,Kalpit,Mukherjee,8102459496,2018-06-02,TRANSFERRED,167
168,ASHA0168,Veda,Hayre,8222293037,2020-10-17,ACTIVE,168
169,ASHA0169,Elijah,Choudhry,8163346166,2019-12-16,ACTIVE,169
170,ASHA0170,Ishaan,Grewal,8259165800,2014-03-08,ACTIVE,170
171,ASHA0171,Viraj,Kara,8724380949,2024-11-21,RETIRED,171
172,ASHA0172,Idika,Kuruvilla,8538093052,2017-09-05,RETIRED,172
173,ASHA0173,Umang,Balasubramanian,8183491414,2025-01-07,ACTIVE,173
174,ASHA0174,Bishakha,Bansal,8577456262,2018-08-31,ACTIVE,174
175,ASHA0175,Chasmum,Palla,8316102617,2019-12-20,ACTIVE,175
176,ASHA0176,Yadavi,Prabhu,8862707635,2021-04-15,TRANSFERRED,176
177,ASHA0177,Rudra,Varghese,8536350571,2012-09-19,ACTIVE,177
178,ASHA0178,Dalaja,Vig,8782311977,2012-12-21,TRANSFERRED,178
179,ASHA0179,Chatresh,Sagar,8950853878,2016-10-17,ACTIVE,179
180,ASHA0180,Edhitha,Mohan,8305420352,2018-06-26,ACTIVE,180
181,ASHA0181,Leela,Barad,8948375731,2022-08-22,ACTIVE,181
182,ASHA0182,Qadim,Agate,8645398059,2023-08-11,ACTIVE,182
183,ASHA0183,Panini,Sathe,8782786328,2024-02-15,RETIRED,183
184,ASHA0184,Faqid,Thakkar,8656785547,2022-02-19,ACTIVE,184
185,ASHA0185,Panini,Sehgal,8969639543,2025-02-22,ACTIVE,185
186,ASHA0186,Ekanta,Dani,8202183842,2024-02-22,ACTIVE,186
187,ASHA0187,Rajeshri,Doshi,8304619826,2018-04-02,ACTIVE,187
188,ASHA0188,Alexander,Reddy,8368314508,2019-06-18,INACTIVE,188
189,ASHA0189,Aarav,Hayre,8126133255,2011-09-16,RETIRED,189
190,ASHA0190,Umang,Yadav,8132578832,2019-05-02,ACTIVE,190
191,ASHA0191,Dipta,Kaur,8731713483,2017-01-23,ACTIVE,191
192,ASHA0192,Abhiram,Sarma,8217635518,2019-06-08,ACTIVE,192
193,ASHA0193,Warjas,Ratta,8342977098,2014-12-25,ACTIVE,193
194,ASHA0194,Saumya,Balakrishnan,8382427704,2022-01-19,ACTIVE,194
195,ASHA0195,Lucky,Dave,8285185144,2016-04-11,ACTIVE,195
196,ASHA0196,Banjeet,Pradhan,8811092939,2020-10-25,ACTIVE,196
197,ASHA0197,Vedhika,Mangat,8454941490,2015-07-17,RETIRED,197
198,ASHA0198,Tripti,Swamy,8668612875,2012-12-11,ACTIVE,198
199,ASHA0199,Chaitaly,More,8722724272,2016-09-15,ACTIVE,199
200,ASHA0200,Dipta,Mand,8232817952,2020-09-08,ACTIVE,200
201,ASHA0201,Nakul,Dada,8490012380,2017-10-07,RETIRED,201
202,ASHA0202,Azad,Garde,8287938653,2012-08-26,ACTIVE,202
203,ASHA0203,Inaya,Morar,8907540160,2018-10-13,ACTIVE,203
204,ASHA0204,Isaac,Morar,8560643434,2012-08-13,ACTIVE,204
205,ASHA0205,Hema,Balan,8659420989,2012-09-30,ACTIVE,205
206,ASHA0206,Ijaya,Nazareth,8727642039,2012-03-10,ACTIVE,206
207,ASHA0207,Samuel,Trivedi,8290505097,2024-03-15,ACTIVE,207
208,ASHA0208,Lakshit,Shan,8473272128,2017-03-21,ACTIVE,208
209,ASHA0209,Yutika,Bath,8867218039,2021-09-10,ACTIVE,209
210,ASHA0210,Anvi,Kala,8149304844,2011-09-16,ACTIVE,210
211,ASHA0211,Nimrat,Kapur,8841594899,2013-11-17,ACTIVE,211
212,ASHA0212,Bhavya,Bhardwaj,8313567500,2024-07-25,ACTIVE,212
213,ASHA0213,Orinder,Nigam,8748411206,2018-06-15,ACTIVE,213
214,ASHA0214,Bhavya,Rana,8459519485,2021-03-30,ACTIVE,214
215,ASHA0215,Darika,Madan,8255656421,2024-08-24,ACTIVE,215
216,ASHA0216,Tristan,Chacko,8698093833,2022-01-05,ACTIVE,216
217,ASHA0217,Azaan,Oza,8481279940,2016-09-23,ACTIVE,217
218,ASHA0218,Qarin,Rattan,8362462035,2020-10-06,ACTIVE,218
219,ASHA0219,Krisha,Manne,8691526927,2016-06-08,ACTIVE,219
220,ASHA0220,Gagan,Kata,8589916720,2017-03-22,ACTIVE,220
221,ASHA0221,Chaman,Sami,8728399241,2014-02-19,ACTIVE,221
222,ASHA0222,Gautami,Shanker,8405762161,2022-01-30,RETIRED,222
223,ASHA0223,Libni,Amble,8139609288,2020-02-16,ACTIVE,223
224,ASHA0224,Bimala,Thakur,8135510591,2014-02-04,ACTIVE,224
225,ASHA0225,Ekiya,Vaidya,8273408623,2014-07-25,INACTIVE,225
226,ASHA0226,Harsh,Roy,8281196358,2018-07-18,ACTIVE,226
227,ASHA0227,Ijaya,Shankar,8670461889,2013-11-22,ACTIVE,227
228,ASHA0228,Lipika,Manne,8123062621,2018-11-04,ACTIVE,228
229,ASHA0229,Amara,Sachdeva,8208349625,2014-06-26,ACTIVE,229
230,ASHA0230,Falak,Gole,8111636804,2022-09-11,INACTIVE,230
231,ASHA0231,Vasana,Tata,8274490916,2022-02-25,ACTIVE,231
232,ASHA0232,Bhavini,Deshpande,8373835780,2025-02-15,ACTIVE,232
233,ASHA0233,Liam,Dua,8206055426,2022-06-21,ACTIVE,233
234,ASHA0234,Azad,Madan,8227776014,2013-05-14,ACTIVE,234
235,ASHA0235,Aradhana,Toor,8130237453,2012-04-29,ACTIVE,235
236,ASHA0236,Siya,Singhal,8460461670,2023-04-12,INACTIVE,236
237,ASHA0237,Ikshita,Kale,8199448177,2023-06-25,ACTIVE,237
238,ASHA0238,Gavin,Shah,8555451123,2023-02-04,ACTIVE,238
239,ASHA0239,Gopal,Sharma,8303811639,2015-08-08,ACTIVE,239
240,ASHA0240,Maanav,Narula,8486616682,2022-09-01,ACTIVE,240
241,ASHA0241,Upadhriti,Sibal,8173534738,2017-10-18,ACTIVE,241
242,ASHA0242,Chasmum,Rana,8165377323,2014-02-06,ACTIVE,242
243,ASHA0243,Tanvi,Kashyap,8590035975,2014-05-21,TRANSFERRED,243
244,ASHA0244,Vincent,Desai,8632955611,2022-12-03,ACTIVE,244
245,ASHA0245,Unnati,Swaminathan,8775313337,2019-05-28,ACTIVE,245
246,ASHA0246,Gaurangi,Tripathi,8830278660,2020-03-05,ACTIVE,246
247,ASHA0247,Triveni,Bala,8608825886,2015-09-23,ACTIVE,247
248,ASHA0248,Eshana,Goda,8785861508,2020-08-10,INACTIVE,248
249,ASHA0249,Laban,Kant,8501302930,2018-02-05,ACTIVE,249
250,ASHA0250,Leena,Sani,8836448983,2013-08-26,ACTIVE,250
251,ASHA0251,Vamakshi,Sinha,8437302785,2015-02-19,ACTIVE,251
252,ASHA0252,Shivansh,Varkey,8170178198,2017-06-20,ACTIVE,252
253,ASHA0253,Qabil,Parikh,8846714225,2024-01-08,ACTIVE,253
254,ASHA0254,Oscar,Kothari,8734132559,2019-04-18,ACTIVE,254
255,ASHA0255,Quincy,Gara,8744356632,2022-01-16,ACTIVE,255
256,ASHA0256,Gauri,Chadha,8750389149,2011-11-12,ACTIVE,256
257,ASHA0257,Aarush,Tripathi,8543031115,2012-12-10,ACTIVE,257
258,ASHA0258,Daksha,Sangha,8110349261,2017-11-04,ACTIVE,258
259,ASHA0259,Gaurika,Malhotra,8351912810,2020-05-15,ACTIVE,259
260,ASHA0260,Oeshi,Chahal,8507443146,2022-02-13,ACTIVE,260
261,ASHA0261,Eiravati,Dash,8647251037,2020-12-02,TRANSFERRED,261
262,ASHA0262,Faras,Sheth,8929719198,2017-10-06,TRANSFERRED,262
263,ASHA0263,Yauvani,Karnik,8427912925,2019-02-12,TRANSFERRED,263
264,ASHA0264,Madhavi,Kohli,8558083602,2017-09-29,INACTIVE,264
265,ASHA0265,Widisha,Hora,8185319889,2013-03-15,ACTIVE,265
266,ASHA0266,Bishakha,Gola,8649894985,2012-06-01,INACTIVE,266
267,ASHA0267,Oliver,Kant,8478363512,2020-08-11,ACTIVE,267
268,ASHA0268,Jagrati,Vora,8643078827,2017-03-26,ACTIVE,268
269,ASHA0269,Bhavya,Sridhar,8787901931,2022-09-13,ACTIVE,269
270,ASHA0270,Ishita,Vora,8574115252,2023-05-15,ACTIVE,270
271,ASHA0271,Ishani,Dhingra,8967820513,2013-09-22,ACTIVE,271
272,ASHA0272,Tanish,Bali,8561619432,2023-04-06,RETIRED,272
273,ASHA0273,Gautam,Thaker,8967142446,2016-09-25,INACTIVE,273
274,ASHA0274,Ishanvi,Dara,8350189741,2019-10-27,ACTIVE,274
275,ASHA0275,Aashi,Dave,8831855920,2012-07-13,ACTIVE,275
276,ASHA0276,Suhani,Sanghvi,8909755870,2023-08-06,ACTIVE,276
277,ASHA0277,Balvan,Ram,8187466199,2015-10-22,INACTIVE,277
278,ASHA0278,Advay,Borde,8928501219,2022-12-28,ACTIVE,278
279,ASHA0279,Avni,Comar,8209852375,2022-07-07,ACTIVE,279
280,ASHA0280,Onveer,Banik,8355753885,2012-07-29,ACTIVE,280
281,ASHA0281,Tanmayi,Sha,8733093976,2022-10-01,ACTIVE,281
282,ASHA0282,Vedika,Hora,8927239297,2015-12-11,ACTIVE,282
283,ASHA0283,Gunbir,Natarajan,8744039622,2020-04-30,ACTIVE,283
284,ASHA0284,Brijesh,Seshadri,8518736713,2017-05-04,ACTIVE,284
285,ASHA0285,Rehaan,Chahal,8669282417,2020-01-17,ACTIVE,285
286,ASHA0286,Ekaja,Shan,8469963590,2018-07-28,ACTIVE,286
287,ASHA0287,Rachita,Mammen,8917654534,2020-12-25,ACTIVE,287
288,ASHA0288,Alexander,Uppal,8625491267,2021-08-21,ACTIVE,288
289,ASHA0289,Ubika,Chauhan,8993286034,2023-08-17,ACTIVE,289
290,ASHA0290,Lakshmi,Bora,8425957461,2017-12-15,ACTIVE,290
291,ASHA0291,Balendra,Iyer,8865065859,2013-11-10,ACTIVE,291
292,ASHA0292,Shivansh,Bawa,8277692549,2025-05-04,ACTIVE,292
293,ASHA0293,Upadhriti,Prabhakar,8272264574,2025-01-22,ACTIVE,293
294,ASHA0294,Simon,Dayal,8326241403,2012-10-06,ACTIVE,294
295,ASHA0295,Xalak,Jhaveri,8679659863,2011-07-18,ACTIVE,295
296,ASHA0296,Nihal,Bhatnagar,8888891964,2022-09-21,TRANSFERRED,296
297,ASHA0297,Manan,Bhat,8459616578,2012-05-09,ACTIVE,297
298,ASHA0298,Dakshesh,Chaudry,8398871178,2017-09-28,ACTIVE,298
299,ASHA0299,Yashasvi,Murthy,8701695200,2019-04-11,ACTIVE,299
300,ASHA0300,Reyansh,Walla,8155383793,2015-08-27,ACTIVE,300
301,ASHA0301,Ishani,Anand,8219645475,2012-05-21,ACTIVE,301
302,ASHA0302,Ubika,Buch,8307046289,2013-08-04,ACTIVE,302
303,ASHA0303,Kritika,Murty,8578005902,2013-01-04,ACTIVE,303
304,ASHA0304,Laksh,Zacharia,8221808099,2012-06-04,INACTIVE,304
305,ASHA0305,Alka,Iyer,8441564381,2020-04-20,RETIRED,305
306,ASHA0306,Peter,Hari,8198014913,2013-11-15,ACTIVE,306
307,ASHA0307,Aayush,Vaidya,8554931464,2013-05-28,ACTIVE,307
308,ASHA0308,Edhitha,Anne,8261743181,2020-09-07,INACTIVE,308
309,ASHA0309,Onveer,Keer,8759776594,2016-09-28,ACTIVE,309
310,ASHA0310,Dayamai,Chauhan,8396076415,2015-03-16,ACTIVE,310
311,ASHA0311,Jeet,Aggarwal,8915988286,2021-11-10,ACTIVE,311
312,ASHA0312,Tanay,Chopra,8286334787,2022-08-31,ACTIVE,312
313,ASHA0313,Wridesh,Gala,8249748798,2015-03-16,ACTIVE,313
314,ASHA0314,Orinder,Patil,8225759462,2016-08-14,ACTIVE,314
315,ASHA0315,Kritika,Dada,8379611920,2018-09-14,RETIRED,315
316,ASHA0316,Adya,Patla,8413400622,2015-10-02,ACTIVE,316
317,ASHA0317,Maya,Chaudhry,8781098308,2013-02-26,ACTIVE,317
318,ASHA0318,Omaja,Bhargava,8122477858,2024-03-04,ACTIVE,318
319,ASHA0319,Ati,Bhatti,8298042124,2014-05-19,ACTIVE,319
320,ASHA0320,Deepa,Dara,8209334944,2011-08-09,ACTIVE,320
321,ASHA0321,Jhalak,Wason,8743676238,2024-03-05,ACTIVE,321
322,ASHA0322,Vrishti,Tank,8698142098,2021-12-01,ACTIVE,322
323,ASHA0323,Watika,Sarna,8240527137,2016-05-16,ACTIVE,323
324,ASHA0324,Yashawini,Mann,8418377475,2017-03-13,ACTIVE,324
325,ASHA0325,Januja,Chana,8499402297,2014-12-04,ACTIVE,325
326,ASHA0326,Suhani,Mann,8491451268,2021-12-20,ACTIVE,326
327,ASHA0327,Victor,Gole,8825618511,2014-03-21,ACTIVE,327
328,ASHA0328,Rajeshri,Manda,8166732418,2018-07-10,ACTIVE,328
329,ASHA0329,Garima,Nagi,8719038951,2020-04-17,RETIRED,329
330,ASHA0330,Ekaraj,Swamy,8809227128,2019-12-12,ACTIVE,330
331,ASHA0331,Logan,Wali,8837236501,2015-08-14,ACTIVE,331
332,ASHA0332,Isaiah,Wason,8263856341,2017-01-01,RETIRED,332
333,ASHA0333,Xavier,Choudhry,8939566757,2013-04-10,ACTIVE,333
334,ASHA0334,Zaid,Shere,8660536119,2022-07-19,ACTIVE,334
335,ASHA0335,Jagrati,Gara,8235409247,2024-08-31,RETIRED,335
336,ASHA0336,Nachiket,Baria,8720566839,2012-01-26,ACTIVE,336
337,ASHA0337,Nidhi,Kar,8982587081,2018-07-16,ACTIVE,337
338,ASHA0338,Azaan,Bhat,8497794151,2024-01-17,ACTIVE,338
339,ASHA0339,Samesh,Nayak,8454039445,2020-06-16,ACTIVE,339
340,ASHA0340,Vritti,Wali,8830517223,2020-07-20,INACTIVE,340
341,ASHA0341,Omkaar,Luthra,8375575977,2025-05-09,ACTIVE,341
342,ASHA0342,Vinaya,Swaminathan,8410165397,2018-07-15,TRANSFERRED,342
343,ASHA0343,Yashodhara,Gopal,8166161352,2018-03-01,ACTIVE,343
344,ASHA0344,Lakshit,Palan,8468526129,2019-06-10,ACTIVE,344
345,ASHA0345,Pahal,Parmer,8793192418,2018-11-23,ACTIVE,345
346,ASHA0346,Zashil,Narain,8124871910,2021-11-04,ACTIVE,346
347,ASHA0347,Abhimanyu,Buch,8810272018,2020-08-28,ACTIVE,347
348,ASHA0348,Abhimanyu,Brar,8960943646,2023-01-07,ACTIVE,348
349,ASHA0349,Baljiwan,Guha,8891226430,2016-04-28,ACTIVE,349
350,ASHA0350,Oni,Chaudhari,8331586998,2024-06-16,TRANSFERRED,350
351,ASHA0351,Vrishti,Reddy,8553111248,2024-07-03,ACTIVE,351
352,ASHA0352,Abhimanyu,Edwin,8210989935,2017-05-28,ACTIVE,352
353,ASHA0353,Bakhshi,Iyer,8213151665,2023-10-31,ACTIVE,353
354,ASHA0354,Devika,Joshi,8417042990,2022-04-25,ACTIVE,354
355,ASHA0355,Eta,Nath,8906213899,2015-06-28,ACTIVE,355
356,ASHA0356,Jeevika,Rana,8174859927,2014-08-20,ACTIVE,356
357,ASHA0357,Falak,Rau,8730132915,2020-12-23,INACTIVE,357
358,ASHA0358,Simon,Saxena,8692038973,2013-10-08,ACTIVE,358
359,ASHA0359,Pahal,Bhakta,8102278067,2017-10-09,ACTIVE,359
360,ASHA0360,Fiyaz,Sem,8705473508,2020-04-25,TRANSFERRED,360
361,ASHA0361,Harrison,Dani,8996518198,2015-10-18,ACTIVE,361
362,ASHA0362,Bina,Mishra,8832643237,2023-07-31,ACTIVE,362
363,ASHA0363,Vasudha,Sodhi,8675959003,2012-08-25,ACTIVE,363
364,ASHA0364,Varenya,Sheth,8780126430,2020-01-12,ACTIVE,364
365,ASHA0365,Nitara,Dugar,8167307511,2012-01-07,ACTIVE,365
366,ASHA0366,Tristan,Doctor,8431795479,2022-08-07,ACTIVE,366
367,ASHA0367,Fitan,Bakshi,8230331198,2019-03-16,ACTIVE,367
368,ASHA0368,Daksha,Narain,8186071466,2024-11-30,INACTIVE,368
369,ASHA0369,Aayush,Padmanabhan,8560355521,2024-04-27,ACTIVE,369
370,ASHA0370,Unni,Sarna,8221070867,2024-12-04,ACTIVE,370
371,ASHA0371,Abhimanyu,Sankar,8371959330,2019-06-11,ACTIVE,371
372,ASHA0372,Vrishti,Nanda,8104676632,2014-06-09,ACTIVE,372
373,ASHA0373,Chaman,Sehgal,8248616551,2011-10-27,INACTIVE,373
374,ASHA0374,Raghav,Prabhu,8644718316,2021-05-20,ACTIVE,374
375,ASHA0375,Inaya,Mody,8653472502,2023-07-27,ACTIVE,375
376,ASHA0376,Robert,Sankaran,8779134948,2020-11-26,ACTIVE,376
377,ASHA0377,Zashil,Dugar,8358260367,2025-05-04,INACTIVE,377
378,ASHA0378,Ekaja,Edwin,8797373163,2014-04-30,ACTIVE,378
379,ASHA0379,Adweta,Lad,8243937544,2018-04-23,ACTIVE,379
380,ASHA0380,Caleb,Iyengar,8235424122,2020-09-20,ACTIVE,380
381,ASHA0381,Arunima,Jani,8294388624,2018-03-10,ACTIVE,381
382,ASHA0382,Bina,Kapoor,8232836357,2019-03-31,ACTIVE,382
383,ASHA0383,Atharv,Buch,8840598275,2024-08-25,ACTIVE,383
384,ASHA0384,Tristan,Basak,8763247199,2023-09-11,ACTIVE,384
385,ASHA0385,Bishakha,Tella,8173788144,2024-09-23,ACTIVE,385
386,ASHA0386,Dayita,Acharya,8851106973,2019-12-17,ACTIVE,386
387,ASHA0387,Chavvi,Mani,8492927658,2024-04-13,ACTIVE,387
388,ASHA0388,Tristan,Mall,8417147306,2015-04-25,RETIRED,388
389,ASHA0389,Harrison,Prabhakar,8561105779,2018-12-24,ACTIVE,389
390,ASHA0390,Zaitra,Ahluwalia,8944644526,2017-04-10,TRANSFERRED,390
391,ASHA0391,Ayush,Sani,8792119636,2024-10-01,ACTIVE,391
392,ASHA0392,Advaith,Sangha,8883781391,2016-05-12,ACTIVE,392
393,ASHA0393,Zaitra,Magar,8130525659,2012-08-03,ACTIVE,393
394,ASHA0394,Shivani,Chokshi,8530536180,2013-12-06,RETIRED,394
395,ASHA0395,Faris,Keer,8730839559,2012-12-13,ACTIVE,395
396,ASHA0396,Daniel,Bajwa,8798940721,2021-08-24,RETIRED,396
397,ASHA0397,Girish,Prakash,8155018434,2012-06-19,ACTIVE,397
398,ASHA0398,Lila,Mohan,8214393707,2023-12-21,ACTIVE,398
399,ASHA0399,Devansh,Samra,8944003141,2023-06-12,ACTIVE,399
400,ASHA0400,Ubika,Din,8434575255,2023-06-15,ACTIVE,400
401,ASHA0401,Sai,Sarin,8175988637,2025-05-05,TRANSFERRED,401
402,ASHA0402,Akshay,Shankar,8174984572,2015-09-04,ACTIVE,402
403,ASHA0403,Saumya,Shukla,8544966187,2021-07-27,RETIRED,403
404,ASHA0404,Jeevika,Nath,8632810863,2014-11-28,ACTIVE,404
405,ASHA0405,Faqid,Rama,8698084204,2022-06-19,ACTIVE,405
406,ASHA0406,Mason,Dara,8501703725,2013-02-22,TRANSFERRED,406
407,ASHA0407,Omkaar,Srinivas,8553850246,2012-12-11,TRANSFERRED,407
408,ASHA0408,Waida,Anand,8727927212,2023-06-12,ACTIVE,408
409,ASHA0409,Shivansh,Chaudhuri,8145601890,2014-09-21,ACTIVE,409
410,ASHA0410,Diya,Mane,8373791189,2016-03-23,ACTIVE,410
411,ASHA0411,Harinakshi,Ramanathan,8273704511,2021-07-14,ACTIVE,411
412,ASHA0412,Dalaja,Barad,8361799657,2024-04-10,ACTIVE,412
413,ASHA0413,Akshay,Walla,8615832182,2022-03-27,ACTIVE,413
414,ASHA0414,Azaan,Shan,8979810162,2020-05-02,ACTIVE,414
415,ASHA0415,Gopal,Chanda,8566450679,2015-06-16,ACTIVE,415
416,ASHA0416,Vasudha,Ramaswamy,8909271069,2016-07-09,ACTIVE,416
417,ASHA0417,Girik,Sunder,8238754416,2015-05-28,TRANSFERRED,417
418,ASHA0418,Balvan,Sarin,8382281792,2020-04-03,ACTIVE,418
419,ASHA0419,Netra,Kari,8736681294,2023-11-30,ACTIVE,419
420,ASHA0420,Bina,Upadhyay,8253472567,2024-08-04,TRANSFERRED,420
421,ASHA0421,Ryan,Dixit,8159325551,2018-06-07,ACTIVE,421
422,ASHA0422,Bhavini,Amble,8414076673,2013-07-21,ACTIVE,422
423,ASHA0423,Charan,Sundaram,8137466627,2022-06-28,ACTIVE,423
424,ASHA0424,Rushil,Naik,8510323532,2016-04-27,ACTIVE,424
425,ASHA0425,Yamini,Mallick,8902287209,2021-12-17,ACTIVE,425
426,ASHA0426,Garima,Wagle,8885561899,2024-03-06,ACTIVE,426
427,ASHA0427,Turvi,Nigam,8597997253,2015-09-27,ACTIVE,427
428,ASHA0428,Jagrati,Dubey,8938526292,2020-03-19,ACTIVE,428
429,ASHA0429,Kevin,Manne,8694470503,2019-07-22,ACTIVE,429
430,ASHA0430,Rayaan,Morar,8199509571,2020-05-04,ACTIVE,430
431,ASHA0431,Ekta,Mandal,8241215777,2013-07-02,ACTIVE,431
432,ASHA0432,Pooja,Baral,8864580457,2013-08-06,ACTIVE,432
433,ASHA0433,Advaith,Sarraf,8446846656,2021-11-20,ACTIVE,433
434,ASHA0434,Sai,Bakshi,8146121229,2024-11-27,ACTIVE,434
435,ASHA0435,Radha,Sethi,8336277432,2016-01-16,INACTIVE,435
436,ASHA0436,Garima,Kant,8213220387,2014-03-25,ACTIVE,436
437,ASHA0437,Nilima,Natarajan,8136031562,2015-02-24,ACTIVE,437
438,ASHA0438,Upadhriti,Pathak,8495585295,2018-11-20,ACTIVE,438
439,ASHA0439,Leena,Dara,8980434730,2019-12-19,ACTIVE,439
440,ASHA0440,Praneel,Anand,8197619643,2015-07-28,TRANSFERRED,440
441,ASHA0441,Vrinda,Ganguly,8382233246,2016-02-28,RETIRED,441
442,ASHA0442,Krishna,Nagarajan,8779553242,2020-07-17,INACTIVE,442
443,ASHA0443,Yachana,Dugar,8382750040,2024-08-23,ACTIVE,443
444,ASHA0444,Chaman,Chopra,8993796882,2016-07-12,ACTIVE,444
445,ASHA0445,Ishita,Singh,8730107896,2012-10-27,ACTIVE,445
446,ASHA0446,Nakul,Koshy,8222598494,2015-03-15,ACTIVE,446
447,ASHA0447,Idika,Subramaniam,8223804135,2015-10-17,ACTIVE,447
448,ASHA0448,Yatin,Shenoy,8165524999,2018-03-27,ACTIVE,448
449,ASHA0449,Guneet,Jani,8833572198,2021-11-06,ACTIVE,449
450,ASHA0450,Yatin,Sem,8539455846,2019-06-17,ACTIVE,450
451,ASHA0451,Jeremiah,Sachdev,8940651749,2017-01-29,ACTIVE,451
452,ASHA0452,Widisha,Sridhar,8895981931,2024-10-02,ACTIVE,452
453,ASHA0453,Parth,Bala,8220148132,2019-04-23,ACTIVE,453
454,ASHA0454,Sathvik,Sanghvi,8689703323,2014-08-02,ACTIVE,454
455,ASHA0455,Jyoti,Oak,8535871741,2015-05-17,ACTIVE,455
456,ASHA0456,Upkaar,Minhas,8268823242,2021-06-12,ACTIVE,456
457,ASHA0457,Ekavir,Sane,8416115657,2022-04-29,RETIRED,457
458,ASHA0458,Warjas,Dhawan,8107254292,2016-12-03,ACTIVE,458
459,ASHA0459,Mohammed,Mukhopadhyay,8575199191,2014-02-22,ACTIVE,459
460,ASHA0460,Bishakha,Jain,8565865232,2015-01-13,ACTIVE,460
461,ASHA0461,Dayita,Mahal,8620885908,2012-12-01,ACTIVE,461
462,ASHA0462,Udant,Badal,8601977119,2012-10-15,ACTIVE,462
463,ASHA0463,Gaurika,Mangal,8726935162,2012-10-25,ACTIVE,463
464,ASHA0464,Yauvani,Jaggi,8149969684,2015-12-12,INACTIVE,464
465,ASHA0465,Tristan,D’Alia,8733611149,2018-10-03,ACTIVE,465
466,ASHA0466,Bhavya,Dhar,8859082220,2018-08-23,ACTIVE,466
467,ASHA0467,Sai,Dube,8131863810,2015-11-30,ACTIVE,467
468,ASHA0468,Aarnav,Luthra,8435333769,2016-04-14,RETIRED,468
469,ASHA0469,Oeshi,Sani,8963876373,2014-05-25,INACTIVE,469
470,ASHA0470,Banjeet,Rege,8722160313,2025-01-20,ACTIVE,470
471,ASHA0471,Caleb,Kade,8312764790,2024-01-01,ACTIVE,471
472,ASHA0472,Joshua,Aggarwal,8546956493,2019-08-10,ACTIVE,472
473,ASHA0473,Sneha,Sankar,8210125068,2020-08-04,RETIRED,473
474,ASHA0474,Unnati,Thaman,8636060705,2021-06-02,ACTIVE,474
475,ASHA0475,Geetika,Vyas,8695170310,2024-12-08,TRANSFERRED,475
476,ASHA0476,Lipika,Ganguly,8220788629,2019-03-09,INACTIVE,476
477,ASHA0477,Max,Sodhi,8693850790,2017-11-13,ACTIVE,477
478,ASHA0478,Zilmil,Cheema,8265553147,2025-01-07,ACTIVE,478
479,ASHA0479,Kiaan,Bains,8819044316,2013-03-07,TRANSFERRED,479
480,ASHA0480,Saksham,Narasimhan,8116320580,2012-11-17,ACTIVE,480
481,ASHA0481,Kashish,Nadig,8887561523,2013-05-28,ACTIVE,481
482,ASHA0482,Matthew,Chaudhary,8970584739,2012-03-29,ACTIVE,482
483,ASHA0483,Idika,Ramesh,8206758116,2024-05-15,ACTIVE,483
484,ASHA0484,Chandran,Nanda,8536151902,2025-03-07,ACTIVE,484
485,ASHA0485,Ishani,Oza,8425371182,2018-01-21,ACTIVE,485
486,ASHA0486,Patrick,Mander,8484681486,2024-11-18,ACTIVE,486
487,ASHA0487,Neel,Borah,8140562710,2022-03-26,ACTIVE,487
488,ASHA0488,Fiyaz,Mahajan,8104084465,2017-12-15,INACTIVE,488
489,ASHA0489,Daksh,Shukla,8100446001,2024-03-04,ACTIVE,489
490,ASHA0490,Bhavini,Prashad,8540356336,2014-01-04,INACTIVE,490
491,ASHA0491,Logan,Bhavsar,8112101540,2024-05-30,ACTIVE,491
492,ASHA0492,Krishna,Manda,8842194514,2024-12-03,ACTIVE,492
493,ASHA0493,Harish,Yogi,8190190922,2023-08-22,ACTIVE,493
494,ASHA0494,Vamakshi,Aggarwal,8845334249,2024-06-22,ACTIVE,494
495,ASHA0495,Xavier,Raja,8673889415,2017-02-01,ACTIVE,495
496,ASHA0496,Aachal,Zachariah,8367254285,2016-02-17,ACTIVE,496
497,ASHA0497,Banjeet,Kurian,8697134914,2020-09-08,ACTIVE,497
498,ASHA0498,Samarth,Sandal,8329433079,2013-06-17,ACTIVE,498
499,ASHA0499,Pranav,Chaudhari,8739824305,2012-04-25,ACTIVE,499
500,ASHA0500,Manya,Dash,8266522205,2014-10-20,ACTIVE,500
