user_id,username,password_hash,email,role,asha_id,anm_id
1,asha0001,$2b$12$dummy_hash,asha0001@asha.gov.in,ASHA,1,
2,asha0002,$2b$12$dummy_hash,asha0002@asha.gov.in,ASHA,2,
3,asha0003,$2b$12$dummy_hash,asha0003@asha.gov.in,ASHA,3,
4,asha0004,$2b$12$dummy_hash,asha0004@asha.gov.in,ASHA,4,
5,asha0005,$2b$12$dummy_hash,asha0005@asha.gov.in,ASHA,5,
6,asha0006,$2b$12$dummy_hash,asha0006@asha.gov.in,ASHA,6,
7,asha0007,$2b$12$dummy_hash,asha0007@asha.gov.in,ASHA,7,
8,asha0008,$2b$12$dummy_hash,asha0008@asha.gov.in,ASHA,8,
9,asha0009,$2b$12$dummy_hash,asha0009@asha.gov.in,ASHA,9,
10,asha0010,$2b$12$dummy_hash,asha0010@asha.gov.in,ASHA,10,
11,asha0011,$2b$12$dummy_hash,asha0011@asha.gov.in,ASHA,11,
12,asha0012,$2b$12$dummy_hash,asha0012@asha.gov.in,ASHA,12,
13,asha0013,$2b$12$dummy_hash,asha0013@asha.gov.in,ASHA,13,
14,asha0014,$2b$12$dummy_hash,asha0014@asha.gov.in,ASHA,14,
15,asha0015,$2b$12$dummy_hash,asha0015@asha.gov.in,ASHA,15,
16,asha0016,$2b$12$dummy_hash,asha0016@asha.gov.in,ASHA,16,
17,asha0017,$2b$12$dummy_hash,asha0017@asha.gov.in,ASHA,17,
18,asha0018,$2b$12$dummy_hash,asha0018@asha.gov.in,ASHA,18,
19,asha0019,$2b$12$dummy_hash,asha0019@asha.gov.in,ASHA,19,
20,asha0020,$2b$12$dummy_hash,asha0020@asha.gov.in,ASHA,20,
21,asha0021,$2b$12$dummy_hash,asha0021@asha.gov.in,ASHA,21,
22,asha0022,$2b$12$dummy_hash,asha0022@asha.gov.in,ASHA,22,
23,asha0023,$2b$12$dummy_hash,asha0023@asha.gov.in,ASHA,23,
24,asha0024,$2b$12$dummy_hash,asha0024@asha.gov.in,ASHA,24,
25,asha0025,$2b$12$dummy_hash,asha0025@asha.gov.in,ASHA,25,
26,asha0026,$2b$12$dummy_hash,asha0026@asha.gov.in,ASHA,26,
27,asha0027,$2b$12$dummy_hash,asha0027@asha.gov.in,ASHA,27,
28,asha0028,$2b$12$dummy_hash,asha0028@asha.gov.in,ASHA,28,
29,asha0029,$2b$12$dummy_hash,asha0029@asha.gov.in,ASHA,29,
30,asha0030,$2b$12$dummy_hash,asha0030@asha.gov.in,ASHA,30,
31,asha0031,$2b$12$dummy_hash,asha0031@asha.gov.in,ASHA,31,
32,asha0032,$2b$12$dummy_hash,asha0032@asha.gov.in,ASHA,32,
33,asha0033,$2b$12$dummy_hash,asha0033@asha.gov.in,ASHA,33,
34,asha0034,$2b$12$dummy_hash,asha0034@asha.gov.in,ASHA,34,
35,asha0035,$2b$12$dummy_hash,asha0035@asha.gov.in,ASHA,35,
36,asha0036,$2b$12$dummy_hash,asha0036@asha.gov.in,ASHA,36,
37,asha0037,$2b$12$dummy_hash,asha0037@asha.gov.in,ASHA,37,
38,asha0038,$2b$12$dummy_hash,asha0038@asha.gov.in,ASHA,38,
39,asha0039,$2b$12$dummy_hash,asha0039@asha.gov.in,ASHA,39,
40,asha0040,$2b$12$dummy_hash,asha0040@asha.gov.in,ASHA,40,
41,asha0041,$2b$12$dummy_hash,asha0041@asha.gov.in,ASHA,41,
42,asha0042,$2b$12$dummy_hash,asha0042@asha.gov.in,ASHA,42,
43,asha0043,$2b$12$dummy_hash,asha0043@asha.gov.in,ASHA,43,
44,asha0044,$2b$12$dummy_hash,asha0044@asha.gov.in,ASHA,44,
45,asha0045,$2b$12$dummy_hash,asha0045@asha.gov.in,ASHA,45,
46,asha0046,$2b$12$dummy_hash,asha0046@asha.gov.in,ASHA,46,
47,asha0047,$2b$12$dummy_hash,asha0047@asha.gov.in,ASHA,47,
48,asha0048,$2b$12$dummy_hash,asha0048@asha.gov.in,ASHA,48,
49,asha0049,$2b$12$dummy_hash,asha0049@asha.gov.in,ASHA,49,
50,asha0050,$2b$12$dummy_hash,asha0050@asha.gov.in,ASHA,50,
51,asha0051,$2b$12$dummy_hash,asha0051@asha.gov.in,ASHA,51,
52,asha0052,$2b$12$dummy_hash,asha0052@asha.gov.in,ASHA,52,
53,asha0053,$2b$12$dummy_hash,asha0053@asha.gov.in,ASHA,53,
54,asha0054,$2b$12$dummy_hash,asha0054@asha.gov.in,ASHA,54,
55,asha0055,$2b$12$dummy_hash,asha0055@asha.gov.in,ASHA,55,
56,asha0056,$2b$12$dummy_hash,asha0056@asha.gov.in,ASHA,56,
57,asha0057,$2b$12$dummy_hash,asha0057@asha.gov.in,ASHA,57,
58,asha0058,$2b$12$dummy_hash,asha0058@asha.gov.in,ASHA,58,
59,asha0059,$2b$12$dummy_hash,asha0059@asha.gov.in,ASHA,59,
60,asha0060,$2b$12$dummy_hash,asha0060@asha.gov.in,ASHA,60,
61,asha0061,$2b$12$dummy_hash,asha0061@asha.gov.in,ASHA,61,
62,asha0062,$2b$12$dummy_hash,asha0062@asha.gov.in,ASHA,62,
63,asha0063,$2b$12$dummy_hash,asha0063@asha.gov.in,ASHA,63,
64,asha0064,$2b$12$dummy_hash,asha0064@asha.gov.in,ASHA,64,
65,asha0065,$2b$12$dummy_hash,asha0065@asha.gov.in,ASHA,65,
66,asha0066,$2b$12$dummy_hash,asha0066@asha.gov.in,ASHA,66,
67,asha0067,$2b$12$dummy_hash,asha0067@asha.gov.in,ASHA,67,
68,asha0068,$2b$12$dummy_hash,asha0068@asha.gov.in,ASHA,68,
69,asha0069,$2b$12$dummy_hash,asha0069@asha.gov.in,ASHA,69,
70,asha0070,$2b$12$dummy_hash,asha0070@asha.gov.in,ASHA,70,
71,asha0071,$2b$12$dummy_hash,asha0071@asha.gov.in,ASHA,71,
72,asha0072,$2b$12$dummy_hash,asha0072@asha.gov.in,ASHA,72,
73,asha0073,$2b$12$dummy_hash,asha0073@asha.gov.in,ASHA,73,
74,asha0074,$2b$12$dummy_hash,asha0074@asha.gov.in,ASHA,74,
75,asha0075,$2b$12$dummy_hash,asha0075@asha.gov.in,ASHA,75,
76,asha0076,$2b$12$dummy_hash,asha0076@asha.gov.in,ASHA,76,
77,asha0077,$2b$12$dummy_hash,asha0077@asha.gov.in,ASHA,77,
78,asha0078,$2b$12$dummy_hash,asha0078@asha.gov.in,ASHA,78,
79,asha0079,$2b$12$dummy_hash,asha0079@asha.gov.in,ASHA,79,
80,asha0080,$2b$12$dummy_hash,asha0080@asha.gov.in,ASHA,80,
81,asha0081,$2b$12$dummy_hash,asha0081@asha.gov.in,ASHA,81,
82,asha0082,$2b$12$dummy_hash,asha0082@asha.gov.in,ASHA,82,
83,asha0083,$2b$12$dummy_hash,asha0083@asha.gov.in,ASHA,83,
84,asha0084,$2b$12$dummy_hash,asha0084@asha.gov.in,ASHA,84,
85,asha0085,$2b$12$dummy_hash,asha0085@asha.gov.in,ASHA,85,
86,asha0086,$2b$12$dummy_hash,asha0086@asha.gov.in,ASHA,86,
87,asha0087,$2b$12$dummy_hash,asha0087@asha.gov.in,ASHA,87,
88,asha0088,$2b$12$dummy_hash,asha0088@asha.gov.in,ASHA,88,
89,asha0089,$2b$12$dummy_hash,asha0089@asha.gov.in,ASHA,89,
90,asha0090,$2b$12$dummy_hash,asha0090@asha.gov.in,ASHA,90,
91,asha0091,$2b$12$dummy_hash,asha0091@asha.gov.in,ASHA,91,
92,asha0092,$2b$12$dummy_hash,asha0092@asha.gov.in,ASHA,92,
93,asha0093,$2b$12$dummy_hash,asha0093@asha.gov.in,ASHA,93,
94,asha0094,$2b$12$dummy_hash,asha0094@asha.gov.in,ASHA,94,
95,asha0095,$2b$12$dummy_hash,asha0095@asha.gov.in,ASHA,95,
96,asha0096,$2b$12$dummy_hash,asha0096@asha.gov.in,ASHA,96,
97,asha0097,$2b$12$dummy_hash,asha0097@asha.gov.in,ASHA,97,
98,asha0098,$2b$12$dummy_hash,asha0098@asha.gov.in,ASHA,98,
99,asha0099,$2b$12$dummy_hash,asha0099@asha.gov.in,ASHA,99,
100,asha0100,$2b$12$dummy_hash,asha0100@asha.gov.in,ASHA,100,
101,asha0101,$2b$12$dummy_hash,asha0101@asha.gov.in,ASHA,101,
102,asha0102,$2b$12$dummy_hash,asha0102@asha.gov.in,ASHA,102,
103,asha0103,$2b$12$dummy_hash,asha0103@asha.gov.in,ASHA,103,
104,asha0104,$2b$12$dummy_hash,asha0104@asha.gov.in,ASHA,104,
105,asha0105,$2b$12$dummy_hash,asha0105@asha.gov.in,ASHA,105,
106,asha0106,$2b$12$dummy_hash,asha0106@asha.gov.in,ASHA,106,
107,asha0107,$2b$12$dummy_hash,asha0107@asha.gov.in,ASHA,107,
108,asha0108,$2b$12$dummy_hash,asha0108@asha.gov.in,ASHA,108,
109,asha0109,$2b$12$dummy_hash,asha0109@asha.gov.in,ASHA,109,
110,asha0110,$2b$12$dummy_hash,asha0110@asha.gov.in,ASHA,110,
111,asha0111,$2b$12$dummy_hash,asha0111@asha.gov.in,ASHA,111,
112,asha0112,$2b$12$dummy_hash,asha0112@asha.gov.in,ASHA,112,
113,asha0113,$2b$12$dummy_hash,asha0113@asha.gov.in,ASHA,113,
114,asha0114,$2b$12$dummy_hash,asha0114@asha.gov.in,ASHA,114,
115,asha0115,$2b$12$dummy_hash,asha0115@asha.gov.in,ASHA,115,
116,asha0116,$2b$12$dummy_hash,asha0116@asha.gov.in,ASHA,116,
117,asha0117,$2b$12$dummy_hash,asha0117@asha.gov.in,ASHA,117,
118,asha0118,$2b$12$dummy_hash,asha0118@asha.gov.in,ASHA,118,
119,asha0119,$2b$12$dummy_hash,asha0119@asha.gov.in,ASHA,119,
120,asha0120,$2b$12$dummy_hash,asha0120@asha.gov.in,ASHA,120,
121,asha0121,$2b$12$dummy_hash,asha0121@asha.gov.in,ASHA,121,
122,asha0122,$2b$12$dummy_hash,asha0122@asha.gov.in,ASHA,122,
123,asha0123,$2b$12$dummy_hash,asha0123@asha.gov.in,ASHA,123,
124,asha0124,$2b$12$dummy_hash,asha0124@asha.gov.in,ASHA,124,
125,asha0125,$2b$12$dummy_hash,asha0125@asha.gov.in,ASHA,125,
126,asha0126,$2b$12$dummy_hash,asha0126@asha.gov.in,ASHA,126,
127,asha0127,$2b$12$dummy_hash,asha0127@asha.gov.in,ASHA,127,
128,asha0128,$2b$12$dummy_hash,asha0128@asha.gov.in,ASHA,128,
129,asha0129,$2b$12$dummy_hash,asha0129@asha.gov.in,ASHA,129,
130,asha0130,$2b$12$dummy_hash,asha0130@asha.gov.in,ASHA,130,
131,asha0131,$2b$12$dummy_hash,asha0131@asha.gov.in,ASHA,131,
132,asha0132,$2b$12$dummy_hash,asha0132@asha.gov.in,ASHA,132,
133,asha0133,$2b$12$dummy_hash,asha0133@asha.gov.in,ASHA,133,
134,asha0134,$2b$12$dummy_hash,asha0134@asha.gov.in,ASHA,134,
135,asha0135,$2b$12$dummy_hash,asha0135@asha.gov.in,ASHA,135,
136,asha0136,$2b$12$dummy_hash,asha0136@asha.gov.in,ASHA,136,
137,asha0137,$2b$12$dummy_hash,asha0137@asha.gov.in,ASHA,137,
138,asha0138,$2b$12$dummy_hash,asha0138@asha.gov.in,ASHA,138,
139,asha0139,$2b$12$dummy_hash,asha0139@asha.gov.in,ASHA,139,
140,asha0140,$2b$12$dummy_hash,asha0140@asha.gov.in,ASHA,140,
141,asha0141,$2b$12$dummy_hash,asha0141@asha.gov.in,ASHA,141,
142,asha0142,$2b$12$dummy_hash,asha0142@asha.gov.in,ASHA,142,
143,asha0143,$2b$12$dummy_hash,asha0143@asha.gov.in,ASHA,143,
144,asha0144,$2b$12$dummy_hash,asha0144@asha.gov.in,ASHA,144,
145,asha0145,$2b$12$dummy_hash,asha0145@asha.gov.in,ASHA,145,
146,asha0146,$2b$12$dummy_hash,asha0146@asha.gov.in,ASHA,146,
147,asha0147,$2b$12$dummy_hash,asha0147@asha.gov.in,ASHA,147,
148,asha0148,$2b$12$dummy_hash,asha0148@asha.gov.in,ASHA,148,
149,asha0149,$2b$12$dummy_hash,asha0149@asha.gov.in,ASHA,149,
150,asha0150,$2b$12$dummy_hash,asha0150@asha.gov.in,ASHA,150,
151,asha0151,$2b$12$dummy_hash,asha0151@asha.gov.in,ASHA,151,
152,asha0152,$2b$12$dummy_hash,asha0152@asha.gov.in,ASHA,152,
153,asha0153,$2b$12$dummy_hash,asha0153@asha.gov.in,ASHA,153,
154,asha0154,$2b$12$dummy_hash,asha0154@asha.gov.in,ASHA,154,
155,asha0155,$2b$12$dummy_hash,asha0155@asha.gov.in,ASHA,155,
156,asha0156,$2b$12$dummy_hash,asha0156@asha.gov.in,ASHA,156,
157,asha0157,$2b$12$dummy_hash,asha0157@asha.gov.in,ASHA,157,
158,asha0158,$2b$12$dummy_hash,asha0158@asha.gov.in,ASHA,158,
159,asha0159,$2b$12$dummy_hash,asha0159@asha.gov.in,ASHA,159,
160,asha0160,$2b$12$dummy_hash,asha0160@asha.gov.in,ASHA,160,
161,asha0161,$2b$12$dummy_hash,asha0161@asha.gov.in,ASHA,161,
162,asha0162,$2b$12$dummy_hash,asha0162@asha.gov.in,ASHA,162,
163,asha0163,$2b$12$dummy_hash,asha0163@asha.gov.in,ASHA,163,
164,asha0164,$2b$12$dummy_hash,asha0164@asha.gov.in,ASHA,164,
165,asha0165,$2b$12$dummy_hash,asha0165@asha.gov.in,ASHA,165,
166,asha0166,$2b$12$dummy_hash,asha0166@asha.gov.in,ASHA,166,
167,asha0167,$2b$12$dummy_hash,asha0167@asha.gov.in,ASHA,167,
168,asha0168,$2b$12$dummy_hash,asha0168@asha.gov.in,ASHA,168,
169,asha0169,$2b$12$dummy_hash,asha0169@asha.gov.in,ASHA,169,
170,asha0170,$2b$12$dummy_hash,asha0170@asha.gov.in,ASHA,170,
171,asha0171,$2b$12$dummy_hash,asha0171@asha.gov.in,ASHA,171,
172,asha0172,$2b$12$dummy_hash,asha0172@asha.gov.in,ASHA,172,
173,asha0173,$2b$12$dummy_hash,asha0173@asha.gov.in,ASHA,173,
174,asha0174,$2b$12$dummy_hash,asha0174@asha.gov.in,ASHA,174,
175,asha0175,$2b$12$dummy_hash,asha0175@asha.gov.in,ASHA,175,
176,asha0176,$2b$12$dummy_hash,asha0176@asha.gov.in,ASHA,176,
177,asha0177,$2b$12$dummy_hash,asha0177@asha.gov.in,ASHA,177,
178,asha0178,$2b$12$dummy_hash,asha0178@asha.gov.in,ASHA,178,
179,asha0179,$2b$12$dummy_hash,asha0179@asha.gov.in,ASHA,179,
180,asha0180,$2b$12$dummy_hash,asha0180@asha.gov.in,ASHA,180,
181,asha0181,$2b$12$dummy_hash,asha0181@asha.gov.in,ASHA,181,
182,asha0182,$2b$12$dummy_hash,asha0182@asha.gov.in,ASHA,182,
183,asha0183,$2b$12$dummy_hash,asha0183@asha.gov.in,ASHA,183,
184,asha0184,$2b$12$dummy_hash,asha0184@asha.gov.in,ASHA,184,
185,asha0185,$2b$12$dummy_hash,asha0185@asha.gov.in,ASHA,185,
186,asha0186,$2b$12$dummy_hash,asha0186@asha.gov.in,ASHA,186,
187,asha0187,$2b$12$dummy_hash,asha0187@asha.gov.in,ASHA,187,
188,asha0188,$2b$12$dummy_hash,asha0188@asha.gov.in,ASHA,188,
189,asha0189,$2b$12$dummy_hash,asha0189@asha.gov.in,ASHA,189,
190,asha0190,$2b$12$dummy_hash,asha0190@asha.gov.in,ASHA,190,
191,asha0191,$2b$12$dummy_hash,asha0191@asha.gov.in,ASHA,191,
192,asha0192,$2b$12$dummy_hash,asha0192@asha.gov.in,ASHA,192,
193,asha0193,$2b$12$dummy_hash,asha0193@asha.gov.in,ASHA,193,
194,asha0194,$2b$12$dummy_hash,asha0194@asha.gov.in,ASHA,194,
195,asha0195,$2b$12$dummy_hash,asha0195@asha.gov.in,ASHA,195,
196,asha0196,$2b$12$dummy_hash,asha0196@asha.gov.in,ASHA,196,
197,asha0197,$2b$12$dummy_hash,asha0197@asha.gov.in,ASHA,197,
198,asha0198,$2b$12$dummy_hash,asha0198@asha.gov.in,ASHA,198,
199,asha0199,$2b$12$dummy_hash,asha0199@asha.gov.in,ASHA,199,
200,asha0200,$2b$12$dummy_hash,asha0200@asha.gov.in,ASHA,200,
201,asha0201,$2b$12$dummy_hash,asha0201@asha.gov.in,ASHA,201,
202,asha0202,$2b$12$dummy_hash,asha0202@asha.gov.in,ASHA,202,
203,asha0203,$2b$12$dummy_hash,asha0203@asha.gov.in,ASHA,203,
204,asha0204,$2b$12$dummy_hash,asha0204@asha.gov.in,ASHA,204,
205,asha0205,$2b$12$dummy_hash,asha0205@asha.gov.in,ASHA,205,
206,asha0206,$2b$12$dummy_hash,asha0206@asha.gov.in,ASHA,206,
207,asha0207,$2b$12$dummy_hash,asha0207@asha.gov.in,ASHA,207,
208,asha0208,$2b$12$dummy_hash,asha0208@asha.gov.in,ASHA,208,
209,asha0209,$2b$12$dummy_hash,asha0209@asha.gov.in,ASHA,209,
210,asha0210,$2b$12$dummy_hash,asha0210@asha.gov.in,ASHA,210,
211,asha0211,$2b$12$dummy_hash,asha0211@asha.gov.in,ASHA,211,
212,asha0212,$2b$12$dummy_hash,asha0212@asha.gov.in,ASHA,212,
213,asha0213,$2b$12$dummy_hash,asha0213@asha.gov.in,ASHA,213,
214,asha0214,$2b$12$dummy_hash,asha0214@asha.gov.in,ASHA,214,
215,asha0215,$2b$12$dummy_hash,asha0215@asha.gov.in,ASHA,215,
216,asha0216,$2b$12$dummy_hash,asha0216@asha.gov.in,ASHA,216,
217,asha0217,$2b$12$dummy_hash,asha0217@asha.gov.in,ASHA,217,
218,asha0218,$2b$12$dummy_hash,asha0218@asha.gov.in,ASHA,218,
219,asha0219,$2b$12$dummy_hash,asha0219@asha.gov.in,ASHA,219,
220,asha0220,$2b$12$dummy_hash,asha0220@asha.gov.in,ASHA,220,
221,asha0221,$2b$12$dummy_hash,asha0221@asha.gov.in,ASHA,221,
222,asha0222,$2b$12$dummy_hash,asha0222@asha.gov.in,ASHA,222,
223,asha0223,$2b$12$dummy_hash,asha0223@asha.gov.in,ASHA,223,
224,asha0224,$2b$12$dummy_hash,asha0224@asha.gov.in,ASHA,224,
225,asha0225,$2b$12$dummy_hash,asha0225@asha.gov.in,ASHA,225,
226,asha0226,$2b$12$dummy_hash,asha0226@asha.gov.in,ASHA,226,
227,asha0227,$2b$12$dummy_hash,asha0227@asha.gov.in,ASHA,227,
228,asha0228,$2b$12$dummy_hash,asha0228@asha.gov.in,ASHA,228,
229,asha0229,$2b$12$dummy_hash,asha0229@asha.gov.in,ASHA,229,
230,asha0230,$2b$12$dummy_hash,asha0230@asha.gov.in,ASHA,230,
231,asha0231,$2b$12$dummy_hash,asha0231@asha.gov.in,ASHA,231,
232,asha0232,$2b$12$dummy_hash,asha0232@asha.gov.in,ASHA,232,
233,asha0233,$2b$12$dummy_hash,asha0233@asha.gov.in,ASHA,233,
234,asha0234,$2b$12$dummy_hash,asha0234@asha.gov.in,ASHA,234,
235,asha0235,$2b$12$dummy_hash,asha0235@asha.gov.in,ASHA,235,
236,asha0236,$2b$12$dummy_hash,asha0236@asha.gov.in,ASHA,236,
237,asha0237,$2b$12$dummy_hash,asha0237@asha.gov.in,ASHA,237,
238,asha0238,$2b$12$dummy_hash,asha0238@asha.gov.in,ASHA,238,
239,asha0239,$2b$12$dummy_hash,asha0239@asha.gov.in,ASHA,239,
240,asha0240,$2b$12$dummy_hash,asha0240@asha.gov.in,ASHA,240,
241,asha0241,$2b$12$dummy_hash,asha0241@asha.gov.in,ASHA,241,
242,asha0242,$2b$12$dummy_hash,asha0242@asha.gov.in,ASHA,242,
243,asha0243,$2b$12$dummy_hash,asha0243@asha.gov.in,ASHA,243,
244,asha0244,$2b$12$dummy_hash,asha0244@asha.gov.in,ASHA,244,
245,asha0245,$2b$12$dummy_hash,asha0245@asha.gov.in,ASHA,245,
246,asha0246,$2b$12$dummy_hash,asha0246@asha.gov.in,ASHA,246,
247,asha0247,$2b$12$dummy_hash,asha0247@asha.gov.in,ASHA,247,
248,asha0248,$2b$12$dummy_hash,asha0248@asha.gov.in,ASHA,248,
249,asha0249,$2b$12$dummy_hash,asha0249@asha.gov.in,ASHA,249,
250,asha0250,$2b$12$dummy_hash,asha0250@asha.gov.in,ASHA,250,
251,asha0251,$2b$12$dummy_hash,asha0251@asha.gov.in,ASHA,251,
252,asha0252,$2b$12$dummy_hash,asha0252@asha.gov.in,ASHA,252,
253,asha0253,$2b$12$dummy_hash,asha0253@asha.gov.in,ASHA,253,
254,asha0254,$2b$12$dummy_hash,asha0254@asha.gov.in,ASHA,254,
255,asha0255,$2b$12$dummy_hash,asha0255@asha.gov.in,ASHA,255,
256,asha0256,$2b$12$dummy_hash,asha0256@asha.gov.in,ASHA,256,
257,asha0257,$2b$12$dummy_hash,asha0257@asha.gov.in,ASHA,257,
258,asha0258,$2b$12$dummy_hash,asha0258@asha.gov.in,ASHA,258,
259,asha0259,$2b$12$dummy_hash,asha0259@asha.gov.in,ASHA,259,
260,asha0260,$2b$12$dummy_hash,asha0260@asha.gov.in,ASHA,260,
261,asha0261,$2b$12$dummy_hash,asha0261@asha.gov.in,ASHA,261,
262,asha0262,$2b$12$dummy_hash,asha0262@asha.gov.in,ASHA,262,
263,asha0263,$2b$12$dummy_hash,asha0263@asha.gov.in,ASHA,263,
264,asha0264,$2b$12$dummy_hash,asha0264@asha.gov.in,ASHA,264,
265,asha0265,$2b$12$dummy_hash,asha0265@asha.gov.in,ASHA,265,
266,asha0266,$2b$12$dummy_hash,asha0266@asha.gov.in,ASHA,266,
267,asha0267,$2b$12$dummy_hash,asha0267@asha.gov.in,ASHA,267,
268,asha0268,$2b$12$dummy_hash,asha0268@asha.gov.in,ASHA,268,
269,asha0269,$2b$12$dummy_hash,asha0269@asha.gov.in,ASHA,269,
270,asha0270,$2b$12$dummy_hash,asha0270@asha.gov.in,ASHA,270,
271,asha0271,$2b$12$dummy_hash,asha0271@asha.gov.in,ASHA,271,
272,asha0272,$2b$12$dummy_hash,asha0272@asha.gov.in,ASHA,272,
273,asha0273,$2b$12$dummy_hash,asha0273@asha.gov.in,ASHA,273,
274,asha0274,$2b$12$dummy_hash,asha0274@asha.gov.in,ASHA,274,
275,asha0275,$2b$12$dummy_hash,asha0275@asha.gov.in,ASHA,275,
276,asha0276,$2b$12$dummy_hash,asha0276@asha.gov.in,ASHA,276,
277,asha0277,$2b$12$dummy_hash,asha0277@asha.gov.in,ASHA,277,
278,asha0278,$2b$12$dummy_hash,asha0278@asha.gov.in,ASHA,278,
279,asha0279,$2b$12$dummy_hash,asha0279@asha.gov.in,ASHA,279,
280,asha0280,$2b$12$dummy_hash,asha0280@asha.gov.in,ASHA,280,
281,asha0281,$2b$12$dummy_hash,asha0281@asha.gov.in,ASHA,281,
282,asha0282,$2b$12$dummy_hash,asha0282@asha.gov.in,ASHA,282,
283,asha0283,$2b$12$dummy_hash,asha0283@asha.gov.in,ASHA,283,
284,asha0284,$2b$12$dummy_hash,asha0284@asha.gov.in,ASHA,284,
285,asha0285,$2b$12$dummy_hash,asha0285@asha.gov.in,ASHA,285,
286,asha0286,$2b$12$dummy_hash,asha0286@asha.gov.in,ASHA,286,
287,asha0287,$2b$12$dummy_hash,asha0287@asha.gov.in,ASHA,287,
288,asha0288,$2b$12$dummy_hash,asha0288@asha.gov.in,ASHA,288,
289,asha0289,$2b$12$dummy_hash,asha0289@asha.gov.in,ASHA,289,
290,asha0290,$2b$12$dummy_hash,asha0290@asha.gov.in,ASHA,290,
291,asha0291,$2b$12$dummy_hash,asha0291@asha.gov.in,ASHA,291,
292,asha0292,$2b$12$dummy_hash,asha0292@asha.gov.in,ASHA,292,
293,asha0293,$2b$12$dummy_hash,asha0293@asha.gov.in,ASHA,293,
294,asha0294,$2b$12$dummy_hash,asha0294@asha.gov.in,ASHA,294,
295,asha0295,$2b$12$dummy_hash,asha0295@asha.gov.in,ASHA,295,
296,asha0296,$2b$12$dummy_hash,asha0296@asha.gov.in,ASHA,296,
297,asha0297,$2b$12$dummy_hash,asha0297@asha.gov.in,ASHA,297,
298,asha0298,$2b$12$dummy_hash,asha0298@asha.gov.in,ASHA,298,
299,asha0299,$2b$12$dummy_hash,asha0299@asha.gov.in,ASHA,299,
300,asha0300,$2b$12$dummy_hash,asha0300@asha.gov.in,ASHA,300,
301,asha0301,$2b$12$dummy_hash,asha0301@asha.gov.in,ASHA,301,
302,asha0302,$2b$12$dummy_hash,asha0302@asha.gov.in,ASHA,302,
303,asha0303,$2b$12$dummy_hash,asha0303@asha.gov.in,ASHA,303,
304,asha0304,$2b$12$dummy_hash,asha0304@asha.gov.in,ASHA,304,
305,asha0305,$2b$12$dummy_hash,asha0305@asha.gov.in,ASHA,305,
306,asha0306,$2b$12$dummy_hash,asha0306@asha.gov.in,ASHA,306,
307,asha0307,$2b$12$dummy_hash,asha0307@asha.gov.in,ASHA,307,
308,asha0308,$2b$12$dummy_hash,asha0308@asha.gov.in,ASHA,308,
309,asha0309,$2b$12$dummy_hash,asha0309@asha.gov.in,ASHA,309,
310,asha0310,$2b$12$dummy_hash,asha0310@asha.gov.in,ASHA,310,
311,asha0311,$2b$12$dummy_hash,asha0311@asha.gov.in,ASHA,311,
312,asha0312,$2b$12$dummy_hash,asha0312@asha.gov.in,ASHA,312,
313,asha0313,$2b$12$dummy_hash,asha0313@asha.gov.in,ASHA,313,
314,asha0314,$2b$12$dummy_hash,asha0314@asha.gov.in,ASHA,314,
315,asha0315,$2b$12$dummy_hash,asha0315@asha.gov.in,ASHA,315,
316,asha0316,$2b$12$dummy_hash,asha0316@asha.gov.in,ASHA,316,
317,asha0317,$2b$12$dummy_hash,asha0317@asha.gov.in,ASHA,317,
318,asha0318,$2b$12$dummy_hash,asha0318@asha.gov.in,ASHA,318,
319,asha0319,$2b$12$dummy_hash,asha0319@asha.gov.in,ASHA,319,
320,asha0320,$2b$12$dummy_hash,asha0320@asha.gov.in,ASHA,320,
321,asha0321,$2b$12$dummy_hash,asha0321@asha.gov.in,ASHA,321,
322,asha0322,$2b$12$dummy_hash,asha0322@asha.gov.in,ASHA,322,
323,asha0323,$2b$12$dummy_hash,asha0323@asha.gov.in,ASHA,323,
324,asha0324,$2b$12$dummy_hash,asha0324@asha.gov.in,ASHA,324,
325,asha0325,$2b$12$dummy_hash,asha0325@asha.gov.in,ASHA,325,
326,asha0326,$2b$12$dummy_hash,asha0326@asha.gov.in,ASHA,326,
327,asha0327,$2b$12$dummy_hash,asha0327@asha.gov.in,ASHA,327,
328,asha0328,$2b$12$dummy_hash,asha0328@asha.gov.in,ASHA,328,
329,asha0329,$2b$12$dummy_hash,asha0329@asha.gov.in,ASHA,329,
330,asha0330,$2b$12$dummy_hash,asha0330@asha.gov.in,ASHA,330,
331,asha0331,$2b$12$dummy_hash,asha0331@asha.gov.in,ASHA,331,
332,asha0332,$2b$12$dummy_hash,asha0332@asha.gov.in,ASHA,332,
333,asha0333,$2b$12$dummy_hash,asha0333@asha.gov.in,ASHA,333,
334,asha0334,$2b$12$dummy_hash,asha0334@asha.gov.in,ASHA,334,
335,asha0335,$2b$12$dummy_hash,asha0335@asha.gov.in,ASHA,335,
336,asha0336,$2b$12$dummy_hash,asha0336@asha.gov.in,ASHA,336,
337,asha0337,$2b$12$dummy_hash,asha0337@asha.gov.in,ASHA,337,
338,asha0338,$2b$12$dummy_hash,asha0338@asha.gov.in,ASHA,338,
339,asha0339,$2b$12$dummy_hash,asha0339@asha.gov.in,ASHA,339,
340,asha0340,$2b$12$dummy_hash,asha0340@asha.gov.in,ASHA,340,
341,asha0341,$2b$12$dummy_hash,asha0341@asha.gov.in,ASHA,341,
342,asha0342,$2b$12$dummy_hash,asha0342@asha.gov.in,ASHA,342,
343,asha0343,$2b$12$dummy_hash,asha0343@asha.gov.in,ASHA,343,
344,asha0344,$2b$12$dummy_hash,asha0344@asha.gov.in,ASHA,344,
345,asha0345,$2b$12$dummy_hash,asha0345@asha.gov.in,ASHA,345,
346,asha0346,$2b$12$dummy_hash,asha0346@asha.gov.in,ASHA,346,
347,asha0347,$2b$12$dummy_hash,asha0347@asha.gov.in,ASHA,347,
348,asha0348,$2b$12$dummy_hash,asha0348@asha.gov.in,ASHA,348,
349,asha0349,$2b$12$dummy_hash,asha0349@asha.gov.in,ASHA,349,
350,asha0350,$2b$12$dummy_hash,asha0350@asha.gov.in,ASHA,350,
351,asha0351,$2b$12$dummy_hash,asha0351@asha.gov.in,ASHA,351,
352,asha0352,$2b$12$dummy_hash,asha0352@asha.gov.in,ASHA,352,
353,asha0353,$2b$12$dummy_hash,asha0353@asha.gov.in,ASHA,353,
354,asha0354,$2b$12$dummy_hash,asha0354@asha.gov.in,ASHA,354,
355,asha0355,$2b$12$dummy_hash,asha0355@asha.gov.in,ASHA,355,
356,asha0356,$2b$12$dummy_hash,asha0356@asha.gov.in,ASHA,356,
357,asha0357,$2b$12$dummy_hash,asha0357@asha.gov.in,ASHA,357,
358,asha0358,$2b$12$dummy_hash,asha0358@asha.gov.in,ASHA,358,
359,asha0359,$2b$12$dummy_hash,asha0359@asha.gov.in,ASHA,359,
360,asha0360,$2b$12$dummy_hash,asha0360@asha.gov.in,ASHA,360,
361,asha0361,$2b$12$dummy_hash,asha0361@asha.gov.in,ASHA,361,
362,asha0362,$2b$12$dummy_hash,asha0362@asha.gov.in,ASHA,362,
363,asha0363,$2b$12$dummy_hash,asha0363@asha.gov.in,ASHA,363,
364,asha0364,$2b$12$dummy_hash,asha0364@asha.gov.in,ASHA,364,
365,asha0365,$2b$12$dummy_hash,asha0365@asha.gov.in,ASHA,365,
366,asha0366,$2b$12$dummy_hash,asha0366@asha.gov.in,ASHA,366,
367,asha0367,$2b$12$dummy_hash,asha0367@asha.gov.in,ASHA,367,
368,asha0368,$2b$12$dummy_hash,asha0368@asha.gov.in,ASHA,368,
369,asha0369,$2b$12$dummy_hash,asha0369@asha.gov.in,ASHA,369,
370,asha0370,$2b$12$dummy_hash,asha0370@asha.gov.in,ASHA,370,
371,asha0371,$2b$12$dummy_hash,asha0371@asha.gov.in,ASHA,371,
372,asha0372,$2b$12$dummy_hash,asha0372@asha.gov.in,ASHA,372,
373,asha0373,$2b$12$dummy_hash,asha0373@asha.gov.in,ASHA,373,
374,asha0374,$2b$12$dummy_hash,asha0374@asha.gov.in,ASHA,374,
375,asha0375,$2b$12$dummy_hash,asha0375@asha.gov.in,ASHA,375,
376,asha0376,$2b$12$dummy_hash,asha0376@asha.gov.in,ASHA,376,
377,asha0377,$2b$12$dummy_hash,asha0377@asha.gov.in,ASHA,377,
378,asha0378,$2b$12$dummy_hash,asha0378@asha.gov.in,ASHA,378,
379,asha0379,$2b$12$dummy_hash,asha0379@asha.gov.in,ASHA,379,
380,asha0380,$2b$12$dummy_hash,asha0380@asha.gov.in,ASHA,380,
381,asha0381,$2b$12$dummy_hash,asha0381@asha.gov.in,ASHA,381,
382,asha0382,$2b$12$dummy_hash,asha0382@asha.gov.in,ASHA,382,
383,asha0383,$2b$12$dummy_hash,asha0383@asha.gov.in,ASHA,383,
384,asha0384,$2b$12$dummy_hash,asha0384@asha.gov.in,ASHA,384,
385,asha0385,$2b$12$dummy_hash,asha0385@asha.gov.in,ASHA,385,
386,asha0386,$2b$12$dummy_hash,asha0386@asha.gov.in,ASHA,386,
387,asha0387,$2b$12$dummy_hash,asha0387@asha.gov.in,ASHA,387,
388,asha0388,$2b$12$dummy_hash,asha0388@asha.gov.in,ASHA,388,
389,asha0389,$2b$12$dummy_hash,asha0389@asha.gov.in,ASHA,389,
390,asha0390,$2b$12$dummy_hash,asha0390@asha.gov.in,ASHA,390,
391,asha0391,$2b$12$dummy_hash,asha0391@asha.gov.in,ASHA,391,
392,asha0392,$2b$12$dummy_hash,asha0392@asha.gov.in,ASHA,392,
393,asha0393,$2b$12$dummy_hash,asha0393@asha.gov.in,ASHA,393,
394,asha0394,$2b$12$dummy_hash,asha0394@asha.gov.in,ASHA,394,
395,asha0395,$2b$12$dummy_hash,asha0395@asha.gov.in,ASHA,395,
396,asha0396,$2b$12$dummy_hash,asha0396@asha.gov.in,ASHA,396,
397,asha0397,$2b$12$dummy_hash,asha0397@asha.gov.in,ASHA,397,
398,asha0398,$2b$12$dummy_hash,asha0398@asha.gov.in,ASHA,398,
399,asha0399,$2b$12$dummy_hash,asha0399@asha.gov.in,ASHA,399,
400,asha0400,$2b$12$dummy_hash,asha0400@asha.gov.in,ASHA,400,
401,asha0401,$2b$12$dummy_hash,asha0401@asha.gov.in,ASHA,401,
402,asha0402,$2b$12$dummy_hash,asha0402@asha.gov.in,ASHA,402,
403,asha0403,$2b$12$dummy_hash,asha0403@asha.gov.in,ASHA,403,
404,asha0404,$2b$12$dummy_hash,asha0404@asha.gov.in,ASHA,404,
405,asha0405,$2b$12$dummy_hash,asha0405@asha.gov.in,ASHA,405,
406,asha0406,$2b$12$dummy_hash,asha0406@asha.gov.in,ASHA,406,
407,asha0407,$2b$12$dummy_hash,asha0407@asha.gov.in,ASHA,407,
408,asha0408,$2b$12$dummy_hash,asha0408@asha.gov.in,ASHA,408,
409,asha0409,$2b$12$dummy_hash,asha0409@asha.gov.in,ASHA,409,
410,asha0410,$2b$12$dummy_hash,asha0410@asha.gov.in,ASHA,410,
411,asha0411,$2b$12$dummy_hash,asha0411@asha.gov.in,ASHA,411,
412,asha0412,$2b$12$dummy_hash,asha0412@asha.gov.in,ASHA,412,
413,asha0413,$2b$12$dummy_hash,asha0413@asha.gov.in,ASHA,413,
414,asha0414,$2b$12$dummy_hash,asha0414@asha.gov.in,ASHA,414,
415,asha0415,$2b$12$dummy_hash,asha0415@asha.gov.in,ASHA,415,
416,asha0416,$2b$12$dummy_hash,asha0416@asha.gov.in,ASHA,416,
417,asha0417,$2b$12$dummy_hash,asha0417@asha.gov.in,ASHA,417,
418,asha0418,$2b$12$dummy_hash,asha0418@asha.gov.in,ASHA,418,
419,asha0419,$2b$12$dummy_hash,asha0419@asha.gov.in,ASHA,419,
420,asha0420,$2b$12$dummy_hash,asha0420@asha.gov.in,ASHA,420,
421,asha0421,$2b$12$dummy_hash,asha0421@asha.gov.in,ASHA,421,
422,asha0422,$2b$12$dummy_hash,asha0422@asha.gov.in,ASHA,422,
423,asha0423,$2b$12$dummy_hash,asha0423@asha.gov.in,ASHA,423,
424,asha0424,$2b$12$dummy_hash,asha0424@asha.gov.in,ASHA,424,
425,asha0425,$2b$12$dummy_hash,asha0425@asha.gov.in,ASHA,425,
426,asha0426,$2b$12$dummy_hash,asha0426@asha.gov.in,ASHA,426,
427,asha0427,$2b$12$dummy_hash,asha0427@asha.gov.in,ASHA,427,
428,asha0428,$2b$12$dummy_hash,asha0428@asha.gov.in,ASHA,428,
429,asha0429,$2b$12$dummy_hash,asha0429@asha.gov.in,ASHA,429,
430,asha0430,$2b$12$dummy_hash,asha0430@asha.gov.in,ASHA,430,
431,asha0431,$2b$12$dummy_hash,asha0431@asha.gov.in,ASHA,431,
432,asha0432,$2b$12$dummy_hash,asha0432@asha.gov.in,ASHA,432,
433,asha0433,$2b$12$dummy_hash,asha0433@asha.gov.in,ASHA,433,
434,asha0434,$2b$12$dummy_hash,asha0434@asha.gov.in,ASHA,434,
435,asha0435,$2b$12$dummy_hash,asha0435@asha.gov.in,ASHA,435,
436,asha0436,$2b$12$dummy_hash,asha0436@asha.gov.in,ASHA,436,
437,asha0437,$2b$12$dummy_hash,asha0437@asha.gov.in,ASHA,437,
438,asha0438,$2b$12$dummy_hash,asha0438@asha.gov.in,ASHA,438,
439,asha0439,$2b$12$dummy_hash,asha0439@asha.gov.in,ASHA,439,
440,asha0440,$2b$12$dummy_hash,asha0440@asha.gov.in,ASHA,440,
441,asha0441,$2b$12$dummy_hash,asha0441@asha.gov.in,ASHA,441,
442,asha0442,$2b$12$dummy_hash,asha0442@asha.gov.in,ASHA,442,
443,asha0443,$2b$12$dummy_hash,asha0443@asha.gov.in,ASHA,443,
444,asha0444,$2b$12$dummy_hash,asha0444@asha.gov.in,ASHA,444,
445,asha0445,$2b$12$dummy_hash,asha0445@asha.gov.in,ASHA,445,
446,asha0446,$2b$12$dummy_hash,asha0446@asha.gov.in,ASHA,446,
447,asha0447,$2b$12$dummy_hash,asha0447@asha.gov.in,ASHA,447,
448,asha0448,$2b$12$dummy_hash,asha0448@asha.gov.in,ASHA,448,
449,asha0449,$2b$12$dummy_hash,asha0449@asha.gov.in,ASHA,449,
450,asha0450,$2b$12$dummy_hash,asha0450@asha.gov.in,ASHA,450,
451,asha0451,$2b$12$dummy_hash,asha0451@asha.gov.in,ASHA,451,
452,asha0452,$2b$12$dummy_hash,asha0452@asha.gov.in,ASHA,452,
453,asha0453,$2b$12$dummy_hash,asha0453@asha.gov.in,ASHA,453,
454,asha0454,$2b$12$dummy_hash,asha0454@asha.gov.in,ASHA,454,
455,asha0455,$2b$12$dummy_hash,asha0455@asha.gov.in,ASHA,455,
456,asha0456,$2b$12$dummy_hash,asha0456@asha.gov.in,ASHA,456,
457,asha0457,$2b$12$dummy_hash,asha0457@asha.gov.in,ASHA,457,
458,asha0458,$2b$12$dummy_hash,asha0458@asha.gov.in,ASHA,458,
459,asha0459,$2b$12$dummy_hash,asha0459@asha.gov.in,ASHA,459,
460,asha0460,$2b$12$dummy_hash,asha0460@asha.gov.in,ASHA,460,
461,asha0461,$2b$12$dummy_hash,asha0461@asha.gov.in,ASHA,461,
462,asha0462,$2b$12$dummy_hash,asha0462@asha.gov.in,ASHA,462,
463,asha0463,$2b$12$dummy_hash,asha0463@asha.gov.in,ASHA,463,
464,asha0464,$2b$12$dummy_hash,asha0464@asha.gov.in,ASHA,464,
465,asha0465,$2b$12$dummy_hash,asha0465@asha.gov.in,ASHA,465,
466,asha0466,$2b$12$dummy_hash,asha0466@asha.gov.in,ASHA,466,
467,asha0467,$2b$12$dummy_hash,asha0467@asha.gov.in,ASHA,467,
468,asha0468,$2b$12$dummy_hash,asha0468@asha.gov.in,ASHA,468,
469,asha0469,$2b$12$dummy_hash,asha0469@asha.gov.in,ASHA,469,
470,asha0470,$2b$12$dummy_hash,asha0470@asha.gov.in,ASHA,470,
471,asha0471,$2b$12$dummy_hash,asha0471@asha.gov.in,ASHA,471,
472,asha0472,$2b$12$dummy_hash,asha0472@asha.gov.in,ASHA,472,
473,asha0473,$2b$12$dummy_hash,asha0473@asha.gov.in,ASHA,473,
474,asha0474,$2b$12$dummy_hash,asha0474@asha.gov.in,ASHA,474,
475,asha0475,$2b$12$dummy_hash,asha0475@asha.gov.in,ASHA,475,
476,asha0476,$2b$12$dummy_hash,asha0476@asha.gov.in,ASHA,476,
477,asha0477,$2b$12$dummy_hash,asha0477@asha.gov.in,ASHA,477,
478,asha0478,$2b$12$dummy_hash,asha0478@asha.gov.in,ASHA,478,
479,asha0479,$2b$12$dummy_hash,asha0479@asha.gov.in,ASHA,479,
480,asha0480,$2b$12$dummy_hash,asha0480@asha.gov.in,ASHA,480,
481,asha0481,$2b$12$dummy_hash,asha0481@asha.gov.in,ASHA,481,
482,asha0482,$2b$12$dummy_hash,asha0482@asha.gov.in,ASHA,482,
483,asha0483,$2b$12$dummy_hash,asha0483@asha.gov.in,ASHA,483,
484,asha0484,$2b$12$dummy_hash,asha0484@asha.gov.in,ASHA,484,
485,asha0485,$2b$12$dummy_hash,asha0485@asha.gov.in,ASHA,485,
486,asha0486,$2b$12$dummy_hash,asha0486@asha.gov.in,ASHA,486,
487,asha0487,$2b$12$dummy_hash,asha0487@asha.gov.in,ASHA,487,
488,asha0488,$2b$12$dummy_hash,asha0488@asha.gov.in,ASHA,488,
489,asha0489,$2b$12$dummy_hash,asha0489@asha.gov.in,ASHA,489,
490,asha0490,$2b$12$dummy_hash,asha0490@asha.gov.in,ASHA,490,
491,asha0491,$2b$12$dummy_hash,asha0491@asha.gov.in,ASHA,491,
492,asha0492,$2b$12$dummy_hash,asha0492@asha.gov.in,ASHA,492,
493,asha0493,$2b$12$dummy_hash,asha0493@asha.gov.in,ASHA,493,
494,asha0494,$2b$12$dummy_hash,asha0494@asha.gov.in,ASHA,494,
495,asha0495,$2b$12$dummy_hash,asha0495@asha.gov.in,ASHA,495,
496,asha0496,$2b$12$dummy_hash,asha0496@asha.gov.in,ASHA,496,
497,asha0497,$2b$12$dummy_hash,asha0497@asha.gov.in,ASHA,497,
498,asha0498,$2b$12$dummy_hash,asha0498@asha.gov.in,ASHA,498,
499,asha0499,$2b$12$dummy_hash,asha0499@asha.gov.in,ASHA,499,
500,asha0500,$2b$12$dummy_hash,asha0500@asha.gov.in,ASHA,500,
501,anm0001,$2b$12$dummy_hash,anm0001@anm.gov.in,ANM,,1
502,anm0002,$2b$12$dummy_hash,anm0002@anm.gov.in,ANM,,2
503,anm0003,$2b$12$dummy_hash,anm0003@anm.gov.in,ANM,,3
504,anm0004,$2b$12$dummy_hash,anm0004@anm.gov.in,ANM,,4
505,anm0005,$2b$12$dummy_hash,anm0005@anm.gov.in,ANM,,5
506,anm0006,$2b$12$dummy_hash,anm0006@anm.gov.in,ANM,,6
507,anm0007,$2b$12$dummy_hash,anm0007@anm.gov.in,ANM,,7
508,anm0008,$2b$12$dummy_hash,anm0008@anm.gov.in,ANM,,8
509,anm0009,$2b$12$dummy_hash,anm0009@anm.gov.in,ANM,,9
510,anm0010,$2b$12$dummy_hash,anm0010@anm.gov.in,ANM,,10
511,anm0011,$2b$12$dummy_hash,anm0011@anm.gov.in,ANM,,11
512,anm0012,$2b$12$dummy_hash,anm0012@anm.gov.in,ANM,,12
513,anm0013,$2b$12$dummy_hash,anm0013@anm.gov.in,ANM,,13
514,anm0014,$2b$12$dummy_hash,anm0014@anm.gov.in,ANM,,14
515,anm0015,$2b$12$dummy_hash,anm0015@anm.gov.in,ANM,,15
516,anm0016,$2b$12$dummy_hash,anm0016@anm.gov.in,ANM,,16
517,anm0017,$2b$12$dummy_hash,anm0017@anm.gov.in,ANM,,17
518,anm0018,$2b$12$dummy_hash,anm0018@anm.gov.in,ANM,,18
519,anm0019,$2b$12$dummy_hash,anm0019@anm.gov.in,ANM,,19
520,anm0020,$2b$12$dummy_hash,anm0020@anm.gov.in,ANM,,20
521,anm0021,$2b$12$dummy_hash,anm0021@anm.gov.in,ANM,,21
522,anm0022,$2b$12$dummy_hash,anm0022@anm.gov.in,ANM,,22
523,anm0023,$2b$12$dummy_hash,anm0023@anm.gov.in,ANM,,23
524,anm0024,$2b$12$dummy_hash,anm0024@anm.gov.in,ANM,,24
525,anm0025,$2b$12$dummy_hash,anm0025@anm.gov.in,ANM,,25
526,anm0026,$2b$12$dummy_hash,anm0026@anm.gov.in,ANM,,26
527,anm0027,$2b$12$dummy_hash,anm0027@anm.gov.in,ANM,,27
528,anm0028,$2b$12$dummy_hash,anm0028@anm.gov.in,ANM,,28
529,anm0029,$2b$12$dummy_hash,anm0029@anm.gov.in,ANM,,29
530,anm0030,$2b$12$dummy_hash,anm0030@anm.gov.in,ANM,,30
531,anm0031,$2b$12$dummy_hash,anm0031@anm.gov.in,ANM,,31
532,anm0032,$2b$12$dummy_hash,anm0032@anm.gov.in,ANM,,32
533,anm0033,$2b$12$dummy_hash,anm0033@anm.gov.in,ANM,,33
534,anm0034,$2b$12$dummy_hash,anm0034@anm.gov.in,ANM,,34
535,anm0035,$2b$12$dummy_hash,anm0035@anm.gov.in,ANM,,35
536,anm0036,$2b$12$dummy_hash,anm0036@anm.gov.in,ANM,,36
537,anm0037,$2b$12$dummy_hash,anm0037@anm.gov.in,ANM,,37
538,anm0038,$2b$12$dummy_hash,anm0038@anm.gov.in,ANM,,38
539,anm0039,$2b$12$dummy_hash,anm0039@anm.gov.in,ANM,,39
540,anm0040,$2b$12$dummy_hash,anm0040@anm.gov.in,ANM,,40
541,anm0041,$2b$12$dummy_hash,anm0041@anm.gov.in,ANM,,41
542,anm0042,$2b$12$dummy_hash,anm0042@anm.gov.in,ANM,,42
543,anm0043,$2b$12$dummy_hash,anm0043@anm.gov.in,ANM,,43
544,anm0044,$2b$12$dummy_hash,anm0044@anm.gov.in,ANM,,44
545,anm0045,$2b$12$dummy_hash,anm0045@anm.gov.in,ANM,,45
546,anm0046,$2b$12$dummy_hash,anm0046@anm.gov.in,ANM,,46
547,anm0047,$2b$12$dummy_hash,anm0047@anm.gov.in,ANM,,47
548,anm0048,$2b$12$dummy_hash,anm0048@anm.gov.in,ANM,,48
549,anm0049,$2b$12$dummy_hash,anm0049@anm.gov.in,ANM,,49
550,anm0050,$2b$12$dummy_hash,anm0050@anm.gov.in,ANM,,50
551,anm0051,$2b$12$dummy_hash,anm0051@anm.gov.in,ANM,,51
552,anm0052,$2b$12$dummy_hash,anm0052@anm.gov.in,ANM,,52
553,anm0053,$2b$12$dummy_hash,anm0053@anm.gov.in,ANM,,53
554,anm0054,$2b$12$dummy_hash,anm0054@anm.gov.in,ANM,,54
555,anm0055,$2b$12$dummy_hash,anm0055@anm.gov.in,ANM,,55
556,anm0056,$2b$12$dummy_hash,anm0056@anm.gov.in,ANM,,56
557,anm0057,$2b$12$dummy_hash,anm0057@anm.gov.in,ANM,,57
558,anm0058,$2b$12$dummy_hash,anm0058@anm.gov.in,ANM,,58
559,anm0059,$2b$12$dummy_hash,anm0059@anm.gov.in,ANM,,59
560,anm0060,$2b$12$dummy_hash,anm0060@anm.gov.in,ANM,,60
561,anm0061,$2b$12$dummy_hash,anm0061@anm.gov.in,ANM,,61
562,anm0062,$2b$12$dummy_hash,anm0062@anm.gov.in,ANM,,62
563,anm0063,$2b$12$dummy_hash,anm0063@anm.gov.in,ANM,,63
564,anm0064,$2b$12$dummy_hash,anm0064@anm.gov.in,ANM,,64
565,anm0065,$2b$12$dummy_hash,anm0065@anm.gov.in,ANM,,65
566,anm0066,$2b$12$dummy_hash,anm0066@anm.gov.in,ANM,,66
567,anm0067,$2b$12$dummy_hash,anm0067@anm.gov.in,ANM,,67
568,anm0068,$2b$12$dummy_hash,anm0068@anm.gov.in,ANM,,68
569,anm0069,$2b$12$dummy_hash,anm0069@anm.gov.in,ANM,,69
570,anm0070,$2b$12$dummy_hash,anm0070@anm.gov.in,ANM,,70
571,anm0071,$2b$12$dummy_hash,anm0071@anm.gov.in,ANM,,71
572,anm0072,$2b$12$dummy_hash,anm0072@anm.gov.in,ANM,,72
573,anm0073,$2b$12$dummy_hash,anm0073@anm.gov.in,ANM,,73
574,anm0074,$2b$12$dummy_hash,anm0074@anm.gov.in,ANM,,74
575,anm0075,$2b$12$dummy_hash,anm0075@anm.gov.in,ANM,,75
576,anm0076,$2b$12$dummy_hash,anm0076@anm.gov.in,ANM,,76
577,anm0077,$2b$12$dummy_hash,anm0077@anm.gov.in,ANM,,77
578,anm0078,$2b$12$dummy_hash,anm0078@anm.gov.in,ANM,,78
579,anm0079,$2b$12$dummy_hash,anm0079@anm.gov.in,ANM,,79
580,anm0080,$2b$12$dummy_hash,anm0080@anm.gov.in,ANM,,80
581,anm0081,$2b$12$dummy_hash,anm0081@anm.gov.in,ANM,,81
582,anm0082,$2b$12$dummy_hash,anm0082@anm.gov.in,ANM,,82
583,anm0083,$2b$12$dummy_hash,anm0083@anm.gov.in,ANM,,83
584,anm0084,$2b$12$dummy_hash,anm0084@anm.gov.in,ANM,,84
585,anm0085,$2b$12$dummy_hash,anm0085@anm.gov.in,ANM,,85
586,anm0086,$2b$12$dummy_hash,anm0086@anm.gov.in,ANM,,86
587,anm0087,$2b$12$dummy_hash,anm0087@anm.gov.in,ANM,,87
588,anm0088,$2b$12$dummy_hash,anm0088@anm.gov.in,ANM,,88
589,anm0089,$2b$12$dummy_hash,anm0089@anm.gov.in,ANM,,89
590,anm0090,$2b$12$dummy_hash,anm0090@anm.gov.in,ANM,,90
591,anm0091,$2b$12$dummy_hash,anm0091@anm.gov.in,ANM,,91
592,anm0092,$2b$12$dummy_hash,anm0092@anm.gov.in,ANM,,92
593,anm0093,$2b$12$dummy_hash,anm0093@anm.gov.in,ANM,,93
594,anm0094,$2b$12$dummy_hash,anm0094@anm.gov.in,ANM,,94
595,anm0095,$2b$12$dummy_hash,anm0095@anm.gov.in,ANM,,95
596,anm0096,$2b$12$dummy_hash,anm0096@anm.gov.in,ANM,,96
597,anm0097,$2b$12$dummy_hash,anm0097@anm.gov.in,ANM,,97
598,anm0098,$2b$12$dummy_hash,anm0098@anm.gov.in,ANM,,98
599,anm0099,$2b$12$dummy_hash,anm0099@anm.gov.in,ANM,,99
600,anm0100,$2b$12$dummy_hash,anm0100@anm.gov.in,ANM,,100
601,admin,$2b$12$dummy_hash,admin@asha.gov.in,ADMIN,,
